Title,Brand,MRP,Price,Count of Ratings,Count of Reviews,Average Rating Score,Product URL,Image URL
Croma 127 cm (50 inch) 4K Ultra HD LED Smart WebOS TV (2022 model),Croma,28990,60000,31,32,4.5,https://www.croma.com/croma-127-cm-50-inch-4k-ultra-hd-led-smart-webos-tv-2022-model-/p/251388,https://media.croma.com/image/upload/v1664411764/Croma%20Assets/Entertainment/Television/Images/251388_0_hz5pqn.png
Croma 140 cm (55 inch) 4K Ultra HD LED WebOS TV (2022 model),Croma,32990,75000,17,20,4.2,https://www.croma.com/croma-140-cm-55-inch-4k-ultra-hd-led-webos-tv-2022-model-/p/251389,https://media.croma.com/image/upload/v1663783174/Croma%20Assets/Entertainment/Television/Images/251389_0_ek54hr.png
OnePlus 50Y1S Pro 126cm (50 inch) 4K Ultra HD LED Android TV with Gamma Engine,OnePlus,30999,45999,3,3,5.0,https://www.croma.com/oneplus-50y1s-pro-126cm-50-inch-4k-ultra-hd-led-android-tv-with-gamma-engine/p/270720,https://media.croma.com/image/upload/v1683557853/Croma%20Assets/Entertainment/Television/Images/270720_0_uyw1wo.png
SAMSUNG Crystal 4K Neo 108 cm (43 inch) 4K Ultra HD LED Tizen TV with Voice Assistance (2022 model),Samsung,31990,47900,4,4,4.75,https://www.croma.com/samsung-crystal-4k-neo-108-cm-43-inch-4k-ultra-hd-led-tizen-tv-with-voice-assistance-2022-model-/p/256071,https://media.croma.com/image/upload/v1678973281/Croma%20Assets/Entertainment/Television/Images/256071_0_gzaplj.png
acer Advanced I Series 139 cm (55 inch) 4K Ultra HD LED Google TV with Dolby Vision and Dolby Audio (2023 model),Acer,33999,59999,0,0,0.0,https://www.croma.com/acer-advanced-i-series-139-cm-55-inch-4k-ultra-hd-led-google-tv-with-dolby-vision-and-dolby-audio-2023-model-/p/274277,https://media.croma.com/image/upload/v1689228206/Croma%20Assets/Entertainment/Television/Images/274277_vswvkw.png
OnePlus Y1S Pro 138 cm (55 inch) 4K Ultra HD LED Android TV with Built-in Google Assistant (2022 model),OnePlus,37999,49999,3,3,4.3333333333,https://www.croma.com/oneplus-y1s-pro-138-cm-55-inch-4k-ultra-hd-led-android-tv-with-built-in-google-assistant-2022-model-/p/265598,https://media.croma.com/image/upload/v1683558577/Croma%20Assets/Entertainment/Television/Images/265598_0_xllhhw.png
Compaq HUEQ A 109 cm (43 inch) 4K Ultra HD LED WebOS TV with Dolby Audio (2022 model),Compaq,18299,30999,0,0,0.0,https://www.croma.com/compaq-hueq-a-109-cm-43-inch-4k-ultra-hd-led-webos-tv-with-dolby-audio-2022-model-/p/272118,https://media.croma.com/image/upload/v1681816343/Croma%20Assets/Entertainment/Television/Images/272118_uqex3d.png
OnePlus Y1S Pro 109cm (43 Inch) 4K Ultra HD LED Android TV with Gamma Engine,OnePlus,26999,29999,1,1,5.0,https://www.croma.com/oneplus-y1s-pro-109cm-43-inch-4k-ultra-hd-led-android-tv-with-gamma-engine/p/251311,https://media.croma.com/image/upload/v1688576702/Croma%20Assets/Entertainment/Television/Images/251311_0_qkrerl.png
acer Advanced I Series 109 cm (43 inch) 4K Ultra HD LED Google TV with Dolby Vision and Dolby Audio (2023 model),Acer,24999,39999,0,0,0.0,https://www.croma.com/acer-advanced-i-series-109-cm-43-inch-4k-ultra-hd-led-google-tv-with-dolby-vision-and-dolby-audio-2023-model-/p/274275,https://media.croma.com/image/upload/v1687506675/Croma%20Assets/Entertainment/Television/Images/274275_pjtpmv.png
SANSUI 127 cm (50 inch) 4K Ultra HD LED Android TV with Dolby Atmos,Sansui,27990,56790,0,0,0.0,https://www.croma.com/sansui-127-cm-50-inch-4k-ultra-hd-led-android-tv-with-dolby-atmos/p/267414,https://media.croma.com/image/upload/v1683558357/Croma%20Assets/Entertainment/Television/Images/267414_0_vgwh8h.png
SAMSUNG Crystal 4K 138 cm (55 inch) 4K Ultra HD LED Tizen Smart TV (2021 model),Samsung,44990,69900,3,3,5.0,https://www.croma.com/samsung-crystal-4k-138-cm-55-inch-4k-ultra-hd-led-tizen-smart-tv-2021-model-/p/252331,https://media.croma.com/image/upload/v1664197154/Croma%20Assets/Entertainment/Television/Images/252331_0_n2truk.png
LG UQ80 139 cm (55 inch) 4K Ultra HD LED WebOS TV with Voice Assistance (2022 model),LG,49990,84990,3,3,5.0,https://www.croma.com/lg-uq80-139-cm-55-inch-4k-ultra-hd-led-webos-tv-with-voice-assistance-2022-model-/p/259359,https://media.croma.com/image/upload/v1677652375/Croma%20Assets/Entertainment/Television/Images/259359_0_stcrro.png
SAMSUNG Crystal 4K 108 cm (43 inch) 4K Ultra HD LED Tizen TV (2021 model),Samsung,29990,52900,5,5,2.6,https://www.croma.com/samsung-crystal-4k-108-cm-43-inch-4k-ultra-hd-led-tizen-tv-2021-model-/p/252329,https://media.croma.com/image/upload/v1680264987/252329_0_zqnpva.png
SONY X75L 139 cm (55 inch) 4K Ultra HD LED Android TV with Dynamic Contrast Enhancer (2023 model),Sony,65540,99900,0,0,0.0,https://www.croma.com/sony-x75l-139-cm-55-inch-4k-ultra-hd-led-android-tv-with-dynamic-contrast-enhancer-2023-model-/p/272770,https://media.croma.com/image/upload/v1689156379/Croma%20Assets/Entertainment/Television/Images/272770_0_fn4ygw.png
Compaq HUEQ A 126 cm (50 inch) 4K Ultra HD webOS TV with Dolby Audio (2022 model),Compaq,23499,40999,0,0,0.0,https://www.croma.com/compaq-hueq-a-126-cm-50-inch-4k-ultra-hd-webos-tv-with-dolby-audio-2022-model-/p/272119,https://media.croma.com/image/upload/v1681817933/Croma%20Assets/Entertainment/Television/Images/272119_q8le4g.png
SONY X75L 108 cm (43 inch) 4K Ultra HD LED Android TV with Dolby Audio (2023 model),Sony,48440,69900,0,0,0.0,https://www.croma.com/sony-x75l-108-cm-43-inch-4k-ultra-hd-led-android-tv-with-dolby-audio-2023-model-/p/272257,https://media.croma.com/image/upload/v1688576898/Croma%20Assets/Entertainment/Television/Images/272257_0_hpo8zz.png
SAMSUNG Crystal 4K iSmart 108 cm (43 inch) 4K Ultra HD LED Tizen TV with Crystal Processor 4K,Samsung,30990,52900,0,0,0.0,https://www.croma.com/samsung-crystal-4k-ismart-108-cm-43-inch-4k-ultra-hd-led-tizen-tv-with-crystal-processor-4k/p/274146,https://media.croma.com/image/upload/v1688709053/Croma%20Assets/Entertainment/Television/Images/274146_jx7asa.png
LG UQ75 139 cm (55 inch) 4K Ultra HD LED WebOS TV with AI Brightness & 4K Upscaling,LG,41990,71990,0,0,0.0,https://www.croma.com/lg-uq75-139-cm-55-inch-4k-ultra-hd-led-webos-tv-with-ai-brightness-4k-upscaling/p/274581,https://media.croma.com/image/upload/v1688462717/Croma%20Assets/Entertainment/Television/Images/274581_giolig.png
acer Advanced I Series 127 cm (50 inch) 4K Ultra HD LED Google TV with Dolby Vision (2023 model),Acer,30999,49999,0,0,0.0,https://www.croma.com/acer-advanced-i-series-127-cm-50-inch-4k-ultra-hd-led-google-tv-with-dolby-vision-2023-model-/p/274276,https://media.croma.com/image/upload/v1687507201/Croma%20Assets/Entertainment/Television/Images/274276_r3vime.png
acer I Series 164 cm (65 inch) 4K Ultra HD LED Android TV with Dolby Vision (2023 model),Acer,47999,78990,0,0,0.0,https://www.croma.com/acer-i-series-164-cm-65-inch-4k-ultra-hd-led-android-tv-with-dolby-vision-2023-model-/p/274011,https://media.croma.com/image/upload/v1686970778/Croma%20Assets/Entertainment/Television/Images/274011_igphmv.png
FOXSKY 140 cm (55 inch) 4K Ultra HD LED Android TV with Google Assistant (2021 model),Foxsky,26499,97990,2,2,4.0,https://www.croma.com/foxsky-140-cm-55-inch-4k-ultra-hd-led-android-tv-with-google-assistant-2021-model-/p/258797,https://media.croma.com/image/upload/v1664430914/Croma%20Assets/Entertainment/Television/Images/258797_0_quhc84.png
Xiaomi X Pro Series 108 cm (43 inch) 4K Ultra HD LED Google TV with Dolby Vision and Dolby Atmos,Xiaomi,32999,49999,0,0,0.0,https://www.croma.com/xiaomi-x-pro-series-108-cm-43-inch-4k-ultra-hd-led-google-tv-with-dolby-vision-and-dolby-atmos/p/271809,https://media.croma.com/image/upload/v1688579585/Croma%20Assets/Entertainment/Television/Images/271809_0_g672ug.png
SONY X82L 138.8 cm (55 inch) 4K Ultra HD LED Google TV with Live Colour Technology (2023 model),Sony,85490,129900,0,0,0.0,https://www.croma.com/sony-x82l-138-8-cm-55-inch-4k-ultra-hd-led-google-tv-with-live-colour-technology-2023-model-/p/273719,https://media.croma.com/image/upload/v1689154711/Croma%20Assets/Entertainment/Television/Images/273719_0_wpaugi.png
SONY X75L 126 cm (50 inch) 4K Ultra HD Android TV with X-Reality PRO (2023 model),Sony,60790,85900,0,0,0.0,https://www.croma.com/sony-x75l-126-cm-50-inch-4k-ultra-hd-android-tv-with-x-reality-pro-2023-model-/p/272255,https://media.croma.com/image/upload/v1688576861/Croma%20Assets/Entertainment/Television/Images/272255_0_jblm5d.png
KODAK 7XPRO Series 108 cm (43 inch) 4K Ultra HD LED Android TV with Google Assistant (2021 model),Kodak,19999,33999,14,15,3.0,https://www.croma.com/kodak-7xpro-series-108-cm-43-inch-4k-ultra-hd-led-android-tv-with-google-assistant-2021-model-/p/259829,https://media.croma.com/image/upload/v1664425968/Croma%20Assets/Entertainment/Television/Images/259829_0_vuwz6s.png
SAMSUNG LS Frame Series 138 cm (55 inch) QLED 4K Ultra HD Tizen TV with Alexa Compatibility,Samsung,86990,144900,18,18,4.6111111111,https://www.croma.com/samsung-ls-frame-series-138-cm-55-inch-qled-4k-ultra-hd-tizen-tv-with-alexa-compatibility/p/251981,https://media.croma.com/image/upload/v1663784588/Croma%20Assets/Entertainment/Television/Images/251981_0_liskqm.png
KODAK CA-Pro 126 cm (50 inch) 4K Ultra HD LED Google TV with Dolby Vision and Dolby Atmos,Kodak,27999,41999,0,0,0.0,https://www.croma.com/kodak-ca-pro-126-cm-50-inch-4k-ultra-hd-led-google-tv-with-dolby-vision-and-dolby-atmos/p/274377,https://media.croma.com/image/upload/v1688141137/Croma%20Assets/Entertainment/Television/Images/274377_set9um.png
Croma 140 cm (55 inch) 4K Ultra HD LED Google TV with Bezel Less Display (2023 model),Croma,41990,75000,0,0,0.0,https://www.croma.com/croma-140-cm-55-inch-4k-ultra-hd-led-google-tv-with-bezel-less-display-2023-model-/p/273730,https://media.croma.com/image/upload/v1688131046/Croma%20Assets/Entertainment/Television/273730_bndsw0.png
SAMSUNG iSmart 124 cm (50 inch) 4K Ultra HD LED Tizen TV with Alexa Compatibility,Samsung,43990,61900,0,0,0.0,https://www.croma.com/samsung-ismart-124-cm-50-inch-4k-ultra-hd-led-tizen-tv-with-alexa-compatibility/p/273686,https://media.croma.com/image/upload/v1685618558/Croma%20Assets/Entertainment/Television/Images/273686_jc9sda.png
Hisense A6H 139 cm (55 inch) 4K Ultra HD LED Google TV with Dolby Vision (2022 model),Hisense,38480,59990,0,0,0.0,https://www.croma.com/hisense-a6h-139-cm-55-inch-4k-ultra-hd-led-google-tv-with-dolby-vision-2022-model-/p/267995,https://media.croma.com/image/upload/v1683556683/Croma%20Assets/Entertainment/Television/Images/267995_0_mlqlto.png
OnePlus U Series 139 cm (55 inch) 4K Ultra HD LED Android TV with Built-in Google Assistant (2021 model),OnePlus,42999,59999,9,13,3.7692307692,https://www.croma.com/oneplus-u-series-139-cm-55-inch-4k-ultra-hd-led-android-tv-with-built-in-google-assistant-2021-model-/p/244462,https://media.croma.com/image/upload/v1663780470/Croma%20Assets/Entertainment/Television/Images/244462_0_ywuyyo.png
Mi 5X 108 cm (43 inch) 4K Ultra HD LED Android TV with Alexa Compatibility (2021 model),Xiaomi,31990,49999,27,32,4.28125,https://www.croma.com/mi-5x-108-cm-43-inch-4k-ultra-hd-led-android-tv-with-alexa-compatibility-2021-model-/p/242860,https://media.croma.com/image/upload/v1680244471/Croma%20Assets/Entertainment/Television/Images/242860_mvjupm.png
XElectron Series X 108 cm (43 inch) 4K Ultra HD LED Android TV with Dolby Vision & Dolby Atmos (2022 model),XElectron,18499,34999,11,12,4.3333333333,https://www.croma.com/xelectron-series-x-108-cm-43-inch-4k-ultra-hd-led-android-tv-with-dolby-vision-dolby-atmos-2022-model-/p/266673,https://media.croma.com/image/upload/v1683556263/Croma%20Assets/Entertainment/Television/Images/266673_0_xfseig.png
SONY X75L 164 cm (65 inch) 4K Ultra HD LED Android TV with X-Reality PRO (2023 model),Sony,92140,139900,0,0,0.0,https://www.croma.com/sony-x75l-164-cm-65-inch-4k-ultra-hd-led-android-tv-with-x-reality-pro-2023-model-/p/272256,https://media.croma.com/image/upload/v1689153932/Croma%20Assets/Entertainment/Television/Images/272256_0_idgkt7.png
FOXSKY 127 cm (50 inch) 4K Ultra HD LED Android TV with Google Assistant (2021 model),Foxsky,21999,82990,7,7,3.2857142857,https://www.croma.com/foxsky-127-cm-50-inch-4k-ultra-hd-led-android-tv-with-google-assistant-2021-model-/p/258796,https://media.croma.com/image/upload/v1664429773/Croma%20Assets/Entertainment/Television/Images/258796_0_aul83w.png
OnePlus U Series 164 cm (65 inch) 4K Ultra HD LED Android TV with Built-in Google Assistant (2021 model),OnePlus,61999,69999,2,2,5.0,https://www.croma.com/oneplus-u-series-164-cm-65-inch-4k-ultra-hd-led-android-tv-with-built-in-google-assistant-2021-model-/p/244463,https://media.croma.com/image/upload/v1663780466/Croma%20Assets/Entertainment/Television/Images/244463_0_lvm0vw.png
FOXSKY 165 cm (65 inch) 4K Ultra HD LED Android TV with Google Assistant (2021 model),Foxsky,42999,129990,2,2,3.0,https://www.croma.com/foxsky-165-cm-65-inch-4k-ultra-hd-led-android-tv-with-google-assistant-2021-model-/p/258798,https://media.croma.com/image/upload/v1664430902/Croma%20Assets/Entertainment/Television/Images/258798_0_hhnrta.png
KODAK CA-Pro 139 cm (55 inch) 4K Ultra HD LED Google TV with Dolby Vision and Dolby Atmos,Kodak,32999,44999,0,0,0.0,https://www.croma.com/kodak-ca-pro-139-cm-55-inch-4k-ultra-hd-led-google-tv-with-dolby-vision-and-dolby-atmos/p/274378,https://media.croma.com/image/upload/v1688141377/Croma%20Assets/Entertainment/Television/Images/274378_dixyir.png
Xiaomi X Pro Series 139 cm (55 inch) 4K Ultra HD LED Google TV with Dolby Vision & Dolby Atmos,Xiaomi,47999,69999,0,0,0.0,https://www.croma.com/xiaomi-x-pro-series-139-cm-55-inch-4k-ultra-hd-led-google-tv-with-dolby-vision-dolby-atmos/p/272247,https://media.croma.com/image/upload/v1681993093/Croma%20Assets/Entertainment/Television/Images/272247_kztqnz.png
TCL 43P635 Pro 108 cm (43 inch) 4K Ultra HD LED Android TV with Dolby Audio (2023 model),TCL,32990,54990,0,0,0.0,https://www.croma.com/tcl-43p635-pro-108-cm-43-inch-4k-ultra-hd-led-android-tv-with-dolby-audio-2023-model-/p/272121,https://media.croma.com/image/upload/v1689154297/Croma%20Assets/Entertainment/Television/Images/272121_0_lrbhcc.png
KODAK CA-Pro 164 cm (65 inch) 4K Ultra HD LED Google TV with Dolby Vision and Dolby Atmos,Kodak,43999,69999,0,0,0.0,https://www.croma.com/kodak-ca-pro-164-cm-65-inch-4k-ultra-hd-led-google-tv-with-dolby-vision-and-dolby-atmos/p/274379,https://media.croma.com/image/upload/v1688141575/Croma%20Assets/Entertainment/Television/Images/274379_fwbr7e.png
SONY BRAVIA 108 cm (43 inch) 4K Ultra HD LED Google TV with X1 4K Processor,Sony,46540,59900,0,0,0.0,https://www.croma.com/sony-bravia-108-cm-43-inch-4k-ultra-hd-led-google-tv-with-x1-4k-processor/p/272258,https://media.croma.com/image/upload/v1688576905/Croma%20Assets/Entertainment/Television/Images/272258_0_baiuva.png
SONY Bravia 139.7 cm (55 inch) OLED 4K Ultra HD Google TV with Cognitive Processor XR (2023 model),Sony,199490,249900,0,0,0.0,https://www.croma.com/sony-bravia-139-7-cm-55-inch-oled-4k-ultra-hd-google-tv-with-cognitive-processor-xr-2023-model-/p/273156,https://media.croma.com/image/upload/v1689154938/Croma%20Assets/Entertainment/Television/Images/273156_0_qgmbtg.png
Croma 109 cm (43 inch) 4K Ultra HD LED Android TV with Google Assistant (2022 model),Croma,28990,50000,105,107,4.4579439252,https://www.croma.com/croma-109-cm-43-inch-4k-ultra-hd-led-android-tv-with-google-assistant-2022-model-/p/251012,https://media.croma.com/image/upload/v1664422933/Croma%20Assets/Entertainment/Television/Images/251012_0_flphtk.png
Croma 165 cm (65 inch) 4K Ultra HD LED Google TV with Bezel Less Display (2023 model),Croma,59990,150000,0,0,0.0,https://www.croma.com/croma-165-cm-65-inch-4k-ultra-hd-led-google-tv-with-bezel-less-display-2023-model-/p/273731,https://media.croma.com/image/upload/v1688710513/Croma%20Assets/Entertainment/Television/Images/273731_pucq7n.png
SANSUI 109 cm (43 inch) 4K Ultra HD LED Android TV with Dolby Atmos (2022 model),Sansui,25890,38990,0,0,0.0,https://www.croma.com/sansui-109-cm-43-inch-4k-ultra-hd-led-android-tv-with-dolby-atmos-2022-model-/p/267413,https://media.croma.com/image/upload/v1683558560/Croma%20Assets/Entertainment/Television/Images/267413_0_lyoifg.png
SAMSUNG Crystal 4K 125 cm (50 inch) 4K Ultra HD LED Tizen TV (2021 model),Samsung,43990,68400,0,0,0.0,https://www.croma.com/samsung-crystal-4k-125-cm-50-inch-4k-ultra-hd-led-tizen-tv-2021-model-/p/252330,https://media.croma.com/image/upload/v1680264516/Croma%20Assets/Entertainment/Television/Images/252330_aoxdye.png
SONY X82L 163.9 cm (65 inch) 4K Ultra HD LED Google TV with Live Colour Technology (2023 model),Sony,113990,164900,0,0,0.0,https://www.croma.com/sony-x82l-163-9-cm-65-inch-4k-ultra-hd-led-google-tv-with-live-colour-technology-2023-model-/p/273820,https://media.croma.com/image/upload/v1689155209/Croma%20Assets/Entertainment/Television/Images/273820_0_wswsao.png
LG QNED81 139 cm (55 inch) QNED 4K Ultra HD LED WebOS TV with LG Voice Search (2022 model),LG,74990,119990,13,13,4.0769230769,https://www.croma.com/lg-qned81-139-cm-55-inch-qned-4k-ultra-hd-led-webos-tv-with-lg-voice-search-2022-model-/p/258884,https://media.croma.com/image/upload/v1667229894/Croma%20Assets/Entertainment/Television/Images/258884_0_rt2xtn.png
SONY 126 cm (50 inch) 4K Ultra HD Google TV with Dolby Audio (2023 model),Sony,57940,74900,0,0,0.0,https://www.croma.com/sony-126-cm-50-inch-4k-ultra-hd-google-tv-with-dolby-audio-2023-model-/p/272254,https://media.croma.com/image/upload/v1689153832/Croma%20Assets/Entertainment/Television/Images/272254_0_latput.png
SAMSUNG LS Frame Series 108 cm (43 inch) QLED 4K Ultra HD Tizen TV with Alexa Compatibility,Samsung,56990,91900,3,3,5.0,https://www.croma.com/samsung-ls-frame-series-108-cm-43-inch-qled-4k-ultra-hd-tizen-tv-with-alexa-compatibility/p/251809,https://media.croma.com/image/upload/v1664417351/Croma%20Assets/Entertainment/Television/Images/251809_0_msm2zr.png
LG UQ80 126 cm (50 inch) 4K Ultra HD LED WebOS TV with Voice Assistance (2022 model),LG,47990,72990,17,18,4.1666666667,https://www.croma.com/lg-uq80-126-cm-50-inch-4k-ultra-hd-led-webos-tv-with-voice-assistance-2022-model-/p/257196,https://media.croma.com/image/upload/v1680096351/Croma%20Assets/Entertainment/Television/Images/257196_rv4gkl.png
SAMSUNG 7 Series 108 cm (43 inch) 4K Ultra HD LED Tizen TV with Adaptive Sound,Samsung,42990,49900,0,0,0.0,https://www.croma.com/samsung-7-series-108-cm-43-inch-4k-ultra-hd-led-tizen-tv-with-adaptive-sound/p/272002,https://media.croma.com/image/upload/v1689154396/Croma%20Assets/Entertainment/Television/Images/272002_0_sox1du.png
SONY 165 cm (65 inch) LED 4K Ultra HD Google TV with Dolby Atmos ,Sony,170990,229900,0,0,0.0,https://www.croma.com/sony-165-cm-65-inch-led-4k-ultra-hd-google-tv-with-dolby-atmos-/p/273991,https://media.croma.com/image/upload/v1686726449/Croma%20Assets/Entertainment/Television/Images/273991_qct8ak.png
SAMSUNG LS Frame Series 163 cm (65 inch) QLED 4K Ultra HD Tizen TV with Alexa Compatibility,Samsung,130990,222900,0,0,0.0,https://www.croma.com/samsung-ls-frame-series-163-cm-65-inch-qled-4k-ultra-hd-tizen-tv-with-alexa-compatibility/p/251982,https://media.croma.com/image/upload/v1663784616/Croma%20Assets/Entertainment/Television/Images/251982_0_mdpfxp.png
SAMSUNG Series 8 163 cm (65 inch) QLED 4K Ultra HD Tizen TV with Alexa Compatibility,Samsung,159990,279900,2,2,5.0,https://www.croma.com/samsung-series-8-163-cm-65-inch-qled-4k-ultra-hd-tizen-tv-with-alexa-compatibility/p/251995,https://media.croma.com/image/upload/v1663780880/Croma%20Assets/Entertainment/Television/Images/251995_0_aadjut.png
LG NANO75 139 cm (55 inch) 4K Ultra HD Nano Cell WebOS TV with Voice Assistance,LG,74990,94990,61,63,4.5238095238,https://www.croma.com/lg-nano75-139-cm-55-inch-4k-ultra-hd-nano-cell-webos-tv-with-voice-assistance/p/258430,https://media.croma.com/image/upload/v1664416808/Croma%20Assets/Entertainment/Television/Images/258430_0_za9ffb.png
LG NANO75 164 cm (65 inch) 4K Ultra HD Nano Cell WebOS TV with Voice Assistance (2022 model),LG,97990,134990,6,6,4.5,https://www.croma.com/lg-nano75-164-cm-65-inch-4k-ultra-hd-nano-cell-webos-tv-with-voice-assistance-2022-model-/p/258431,https://media.croma.com/image/upload/v1667229296/Croma%20Assets/Entertainment/Television/Images/258431_0_dtbiuq.png
SANSUI 140 cm (55 inch) 4K Ultra HD LED Android TV with Dolby Atmos (2021 model),Sansui,34990,56790,0,2,1.0,https://www.croma.com/sansui-140-cm-55-inch-4k-ultra-hd-led-android-tv-with-dolby-atmos-2021-model-/p/267415,https://media.croma.com/image/upload/v1683558255/Croma%20Assets/Entertainment/Television/Images/267415_0_ooecbq.png
SONY X80L 108 cm (43 inch) 4K Ultra HD Android TV with X-Reality PRO (2023 model),Sony,70290,99900,0,0,0.0,https://www.croma.com/sony-x80l-108-cm-43-inch-4k-ultra-hd-android-tv-with-x-reality-pro-2023-model-/p/271808,https://media.croma.com/image/upload/v1688579528/Croma%20Assets/Entertainment/Television/Images/271808_0_gz7aiv.png
SAMSUNG Series 9 138 cm (55 inch) QLED 4K Ultra HD Tizen TV with Alexa Compatibility (2022 model),Samsung,129990,254900,1,1,4.0,https://www.croma.com/samsung-series-9-138-cm-55-inch-qled-4k-ultra-hd-tizen-tv-with-alexa-compatibility-2022-model-/p/251999,https://media.croma.com/image/upload/v1663781127/Croma%20Assets/Entertainment/Television/Images/251999_0_hdvzwl.png
SAMSUNG 7 Series 125 cm (50 inch) 4K Ultra HD LED Tizen TV with Bezel-less Display,Samsung,50990,62900,0,0,0.0,https://www.croma.com/samsung-7-series-125-cm-50-inch-4k-ultra-hd-led-tizen-tv-with-bezel-less-display/p/271802,https://media.croma.com/image/upload/v1688579719/Croma%20Assets/Entertainment/Television/Images/271802_0_feiapf.png
TOSHIBA C350LP 108 cm (43 inch) 4K Ultra HD LED Android TV with Google Assistant (2022 model),Toshiba,27990,44990,10,10,4.7,https://www.croma.com/toshiba-c350lp-108-cm-43-inch-4k-ultra-hd-led-android-tv-with-google-assistant-2022-model-/p/258802,https://media.croma.com/image/upload/v1667229548/Croma%20Assets/Entertainment/Television/Images/258802_0_rhae3t.png
SAMSUNG LS Frame Series 125 cm (50 inch) QLED 4K Ultra HD Tizen TV with Alexa Compatibility,Samsung,69990,124900,1,1,5.0,https://www.croma.com/samsung-ls-frame-series-125-cm-50-inch-qled-4k-ultra-hd-tizen-tv-with-alexa-compatibility/p/251980,https://media.croma.com/image/upload/v1664431725/Croma%20Assets/Entertainment/Television/Images/251980_0_ddhtmh.png
OnePlus U Series 126 cm (50 inch) 4K Ultra HD LED Android TV with Built-in Google Assistant (2021 model),OnePlus,37999,49999,8,10,4.9,https://www.croma.com/oneplus-u-series-126-cm-50-inch-4k-ultra-hd-led-android-tv-with-built-in-google-assistant-2021-model-/p/244461,https://media.croma.com/image/upload/v1664413803/Croma%20Assets/Entertainment/Television/Images/244461_0_z9g5af.png
LG NANO75 108 cm (43 inch) 4K Ultra HD Nano Cell WebOS TV with Voice Assistance (2022 model),LG,44990,61990,4,5,4.8,https://www.croma.com/lg-nano75-108-cm-43-inch-4k-ultra-hd-nano-cell-webos-tv-with-voice-assistance-2022-model-/p/257220,https://media.croma.com/image/upload/v1664429874/Croma%20Assets/Entertainment/Television/Images/257220_0_ver066.png
SAMSUNG 8 Series 138 cm (55 inch) 4K Ultra HD LED Tizen TV with Bezel-less Display,Samsung,70990,82900,0,0,0.0,https://www.croma.com/samsung-8-series-138-cm-55-inch-4k-ultra-hd-led-tizen-tv-with-bezel-less-display/p/271662,https://media.croma.com/image/upload/v1688580958/Croma%20Assets/Entertainment/Television/Images/271662_0_wlhb84.png
LG UQ75 165 cm (65 inch) 4K Ultra HD LED WebOS TV with Gen5 AI Processor 4K,LG,65990,114990,0,0,0.0,https://www.croma.com/lg-uq75-165-cm-65-inch-4k-ultra-hd-led-webos-tv-with-gen5-ai-processor-4k/p/274580,https://media.croma.com/image/upload/v1688462542/Croma%20Assets/Entertainment/Television/Images/274580_imh9ay.png
SONY X80L 125.7 cm (50 inch) 4K Ultra HD Android TV with X-Reality PRO (2023 model),Sony,77890,114900,0,0,0.0,https://www.croma.com/sony-x80l-125-7-cm-50-inch-4k-ultra-hd-android-tv-with-x-reality-pro-2023-model-/p/272233,https://media.croma.com/image/upload/v1682410704/Croma%20Assets/Entertainment/Television/Images/272233_aphijx.png
SONY X90L 139 cm (55 inch) 4K Ultra HD LED Google TV with Cognitive Processor XR (2023 Model),Sony,132990,169900,0,0,0.0,https://www.croma.com/sony-x90l-139-cm-55-inch-4k-ultra-hd-led-google-tv-with-cognitive-processor-xr-2023-model-/p/274278,https://media.croma.com/image/upload/v1687428865/Croma%20Assets/Entertainment/Television/Images/274278_t9md8e.png
TCL 50P635 Pro 127 cm (50 inch) 4K Ultra HD LED Android TV with Google Assistant,TCL,40990,66990,0,0,0.0,https://www.croma.com/tcl-50p635-pro-127-cm-50-inch-4k-ultra-hd-led-android-tv-with-google-assistant/p/272262,https://media.croma.com/image/upload/v1689335166/Croma%20Assets/Entertainment/Television/Images/272262_0_bsptdl.png
LG QNED81 164 cm (65 inch) 4K Ultra HD QNED WebOS TV with LG Voice Search (2022 model),LG,118990,169990,0,0,0.0,https://www.croma.com/lg-qned81-164-cm-65-inch-4k-ultra-hd-qned-webos-tv-with-lg-voice-search-2022-model-/p/258887,https://media.croma.com/image/upload/v1680675760/Croma%20Assets/Entertainment/Television/258887_0_si82le.png
SAMSUNG Series 8 138 cm (55 inch) QLED 4K Ultra HD Tizen TV with Alexa Compatibility,Samsung,109990,199900,16,16,4.9375,https://www.croma.com/samsung-series-8-138-cm-55-inch-qled-4k-ultra-hd-tizen-tv-with-alexa-compatibility/p/251994,https://media.croma.com/image/upload/v1663780882/Croma%20Assets/Entertainment/Television/Images/251994_0_l5lxvc.png
LG UR75 109 cm (43 inch) 4K Ultra HD LED WebOS TV with Gen5 AI Processor 4K,LG,46890,52990,0,0,0.0,https://www.croma.com/lg-ur75-109-cm-43-inch-4k-ultra-hd-led-webos-tv-with-gen5-ai-processor-4k/p/274893,https://media.croma.com/image/upload/v1688376921/Croma%20Assets/Entertainment/Television/Images/274893_ccjyi2.png
SAMSUNG Series 9 163 cm (65 inch) QLED 4K Ultra HD Tizen TV with Alexa Compatibility,Samsung,170990,304900,2,2,5.0,https://www.croma.com/samsung-series-9-163-cm-65-inch-qled-4k-ultra-hd-tizen-tv-with-alexa-compatibility/p/251991,https://media.croma.com/image/upload/v1663781000/Croma%20Assets/Entertainment/Television/Images/251991_0_wct8ld.png
LG NANO75 127 cm (50 inch) 4K Ultra HD Nano Cell WebOS TV with Voice Assistance (2022 model),LG,57990,79990,0,0,0.0,https://www.croma.com/lg-nano75-127-cm-50-inch-4k-ultra-hd-nano-cell-webos-tv-with-voice-assistance-2022-model-/p/258427,https://media.croma.com/image/upload/v1664417052/Croma%20Assets/Entertainment/Television/Images/258427_0_x08wzg.png
TCL 55P635 Pro 140 cm (55 inch) 4K Ultra HD LED Android TV with Google Assistant,TCL,48990,79990,0,0,0.0,https://www.croma.com/tcl-55p635-pro-140-cm-55-inch-4k-ultra-hd-led-android-tv-with-google-assistant/p/272263,https://media.croma.com/image/upload/v1689153352/Croma%20Assets/Entertainment/Television/Images/272263_0_obakn2.png
LG G2 164 cm (65 inch) 4K Ultra HD OLED WebOS TV with Voice Assistance (2022 model),LG,252990,399990,1,1,5.0,https://www.croma.com/lg-g2-164-cm-65-inch-4k-ultra-hd-oled-webos-tv-with-voice-assistance-2022-model-/p/258426,https://media.croma.com/image/upload/v1683561885/Croma%20Assets/Entertainment/Television/Images/258426_0_fbqy0o.png
LG UR80 177 cm (70 inch) 4K Ultra HD LED WebOS TV with α7 AI Processor 4K Gen6,LG,107990,164990,0,0,0.0,https://www.croma.com/lg-ur80-177-cm-70-inch-4k-ultra-hd-led-webos-tv-with-%ce%b17-ai-processor-4k-gen6/p/273715,https://media.croma.com/image/upload/v1689334139/Croma%20Assets/Entertainment/Television/Images/273715_0_hiojvk.png
LG UR80 139 cm (55 inch) 4K Ultra HD LED WebOS TV with α7 AI Processor 4K Gen6,LG,63890,84990,0,0,0.0,https://www.croma.com/lg-ur80-139-cm-55-inch-4k-ultra-hd-led-webos-tv-with-%ce%b17-ai-processor-4k-gen6/p/273717,https://media.croma.com/image/upload/v1689334204/Croma%20Assets/Entertainment/Television/Images/273717_0_vlbtdg.png
SAMSUNG Series 7 178 cm (70 inch) 4K Ultra HD LED Tizen TV with Alexa Compatibility,Samsung,99990,154900,7,8,4.875,https://www.croma.com/samsung-series-7-178-cm-70-inch-4k-ultra-hd-led-tizen-tv-with-alexa-compatibility/p/234619,https://media.croma.com/image/upload/v1663785268/Croma%20Assets/Entertainment/Television/Images/234619_0_bzgywj.png
SAMSUNG 8 Series 125 cm (50 inch) 4K Ultra HD LED Tizen TV with Bezel-less Display,Samsung,56990,69900,0,0,0.0,https://www.croma.com/samsung-8-series-125-cm-50-inch-4k-ultra-hd-led-tizen-tv-with-bezel-less-display/p/271803,https://media.croma.com/image/upload/v1688579730/Croma%20Assets/Entertainment/Television/Images/271803_0_iijdw0.png
SAMSUNG Series 9 247 cm (98 inch) QLED 4K Ultra HD Tizen TV with Alexa Compatibility,Samsung,1574000,2299000,0,0,0.0,https://www.croma.com/samsung-series-9-247-cm-98-inch-qled-4k-ultra-hd-tizen-tv-with-alexa-compatibility/p/245102,https://media.croma.com/image/upload/v1663781787/Croma%20Assets/Entertainment/Television/Images/245102_0_jeuepj.png
SAMSUNG Crystal 4K Pro 163 cm (65 inch) 4K Ultra HD LED Tizen TV with Alexa Compatibility (2021 model),Samsung,81990,125900,0,0,0.0,https://www.croma.com/samsung-crystal-4k-pro-163-cm-65-inch-4k-ultra-hd-led-tizen-tv-with-alexa-compatibility-2021-model-/p/250636,https://media.croma.com/image/upload/v1663786105/Croma%20Assets/Entertainment/Television/Images/250636_0_o91blm.png
LG UQ73 108 cm (43 inch) 4K Ultra HD LED WebOS TV with Gen5 AI Processor,LG,37990,58990,0,0,0.0,https://www.croma.com/lg-uq73-108-cm-43-inch-4k-ultra-hd-led-webos-tv-with-gen5-ai-processor/p/273616,https://media.croma.com/image/upload/v1685514306/Croma%20Assets/Entertainment/Television/Images/273616_rdhbax.png
SONY X64L 108 cm (43 inch) 4K Ultra HD LED Google TV with 4K Processor X1 (2023 Model),Sony,42990,59900,0,0,0.0,https://www.croma.com/sony-x64l-108-cm-43-inch-4k-ultra-hd-led-google-tv-with-4k-processor-x1-2023-model-/p/273157,https://media.croma.com/image/upload/v1690178519/Croma%20Assets/Entertainment/Television/Images/273157_tzzivv.png
SAMSUNG 8 Series 108 cm (43 inch) 4K Ultra HD LED Tizen TV with Adaptive Sound,Samsung,47990,54900,0,0,0.0,https://www.croma.com/samsung-8-series-108-cm-43-inch-4k-ultra-hd-led-tizen-tv-with-adaptive-sound/p/272003,https://media.croma.com/image/upload/v1681470688/Croma%20Assets/Entertainment/Television/Images/272003_mvcxdt.png
SAMSUNG 8 Series 163 cm (65 inch) 4K Ultra HD LED Tizen TV with Adaptive Sound,Samsung,95990,119900,0,0,0.0,https://www.croma.com/samsung-8-series-163-cm-65-inch-4k-ultra-hd-led-tizen-tv-with-adaptive-sound/p/271665,https://media.croma.com/image/upload/v1688580987/Croma%20Assets/Entertainment/Television/Images/271665_0_ppofxp.png
Xiaomi X Pro Series 127 cm (50 inch) 4K Ultra HD LED Google TV with Dolby Vision & Dolby Atmos,Xiaomi,41999,59999,0,0,0.0,https://www.croma.com/xiaomi-x-pro-series-127-cm-50-inch-4k-ultra-hd-led-google-tv-with-dolby-vision-dolby-atmos/p/272246,https://media.croma.com/image/upload/v1689335965/Croma%20Assets/Entertainment/Television/Images/272246_0_tcrcwl.png
LG UR80 108 cm (43 inch) 4K Ultra HD LED WebOS TV with AI Processor 4K Gen6 (2023 model),LG,50900,57990,0,0,0.0,https://www.croma.com/lg-ur80-108-cm-43-inch-4k-ultra-hd-led-webos-tv-with-ai-processor-4k-gen6-2023-model-/p/274323,https://media.croma.com/image/upload/v1689335268/Croma%20Assets/Entertainment/Television/Images/274323_0_tvxakw.png
Haier GS Series 127 cm (50 inch) 4K Ultra HD LED Google TV with Dolby Atmos,Haier,36990,65990,0,0,0.0,https://www.croma.com/haier-gs-series-127-cm-50-inch-4k-ultra-hd-led-google-tv-with-dolby-atmos/p/273161,https://media.croma.com/image/upload/v1688399464/Croma%20Assets/Entertainment/Television/Images/273161_ci4z7x.png
SAMSUNG Crystal 4K Pro 125 cm (50 inch) 4K Ultra HD LED Tizen TV with Alexa Compatibility (2021 model),Samsung,45990,71400,1,1,3.0,https://www.croma.com/samsung-crystal-4k-pro-125-cm-50-inch-4k-ultra-hd-led-tizen-tv-with-alexa-compatibility-2021-model-/p/250633,https://media.croma.com/image/upload/v1664197309/Croma%20Assets/Entertainment/Television/Images/250633_0_ia1mbh.png
LG UR80 164 cm (65 inch) 4K Ultra HD LED WebOS  TV with AI Processor 4K Gen6,LG,92690,124990,0,0,0.0,https://www.croma.com/lg-ur80-164-cm-65-inch-4k-ultra-hd-led-webos-tv-with-ai-processor-4k-gen6/p/273716,https://media.croma.com/image/upload/v1689334221/Croma%20Assets/Entertainment/Television/Images/273716_0_ypqpl9.png
TCL C835 189 cm (75 inch) QLED 4K Ultra HD Android TV with Voice Assistance (2022 model),TCL,189990,429990,0,0,0.0,https://www.croma.com/tcl-c835-189-cm-75-inch-qled-4k-ultra-hd-android-tv-with-voice-assistance-2022-model-/p/255764,https://media.croma.com/image/upload/v1680264514/Croma%20Assets/Entertainment/Television/Images/255764_wfxn1j.png
Haier K Series 139 cm (55 inch) 4K Ultra HD LED Android TV with Google Assistant,Haier,44899,86990,1,1,5.0,https://www.croma.com/haier-k-series-139-cm-55-inch-4k-ultra-hd-led-android-tv-with-google-assistant/p/251226,https://media.croma.com/image/upload/v1663781979/Croma%20Assets/Entertainment/Television/Images/251226_0_hy3gcf.png
LG UR77 108 cm (43 inch) 4K Ultra HD LED WebOS TV with AI Processor 4K Gen6,LG,52490,62990,0,0,0.0,https://www.croma.com/lg-ur77-108-cm-43-inch-4k-ultra-hd-led-webos-tv-with-ai-processor-4k-gen6/p/274010,https://media.croma.com/image/upload/v1689333518/Croma%20Assets/Entertainment/Television/Images/274010_0_gnlok4.png
TCL P735 165.1 cm (65 inch) 4K Ultra HD LED Android TV with Voice Assistance (2022 model),TCL,65990,125990,0,0,0.0,https://www.croma.com/tcl-p735-165-1-cm-65-inch-4k-ultra-hd-led-android-tv-with-voice-assistance-2022-model-/p/255762,https://media.croma.com/image/upload/v1680264523/Croma%20Assets/Entertainment/Television/Images/255762_xvwi9u.png
LG B2 139 cm (55 inch) 4K Ultra HD OLED WebOS TV with Voice Assistance (2022 model),LG,112990,159990,0,0,0.0,https://www.croma.com/lg-b2-139-cm-55-inch-4k-ultra-hd-oled-webos-tv-with-voice-assistance-2022-model-/p/258423,https://media.croma.com/image/upload/v1664417229/Croma%20Assets/Entertainment/Television/Images/258423_0_mnu9bz.png
SAMSUNG 7 Series 138 cm (55 inch) 4K Ultra HD LED Tizen OS TV with Pur Color,Samsung,62490,75900,0,0,0.0,https://www.croma.com/samsung-7-series-138-cm-55-inch-4k-ultra-hd-led-tizen-os-tv-with-pur-color/p/271804,https://media.croma.com/image/upload/v1688579455/Croma%20Assets/Entertainment/Television/Images/271804_0_cg6jjf.png
KODAK CA Series 164 cm (65 inch) 4K Ultra HD LED Android TV with Google Assistant (2020 model),Kodak,47999,70499,0,0,0.0,https://www.croma.com/kodak-ca-series-164-cm-65-inch-4k-ultra-hd-led-android-tv-with-google-assistant-2020-model-/p/246061,https://media.croma.com/image/upload/v1663781563/Croma%20Assets/Entertainment/Television/Images/246061_0_rxicqv.png
Haier K Series 126 cm (50 inch) 4K Ultra HD LED Android TV with Google Assistant,Haier,39990,64990,1,1,5.0,https://www.croma.com/haier-k-series-126-cm-50-inch-4k-ultra-hd-led-android-tv-with-google-assistant/p/251225,https://media.croma.com/image/upload/v1664421633/Croma%20Assets/Entertainment/Television/Images/251225_0_bm7ege.png
Panasonic LX 139 cm (55 inch) 4K Ultra HD LED Android TV with Alexa Compatibility,Panasonic,60490,82990,3,3,4.0,https://www.croma.com/panasonic-lx-139-cm-55-inch-4k-ultra-hd-led-android-tv-with-alexa-compatibility/p/251787,https://media.croma.com/image/upload/v1663780534/Croma%20Assets/Entertainment/Television/Images/251787_0_rwb7t6.png
SAMSUNG 7 Series 163 cm (65 inch) 4K Ultra HD LED Tizen TV with Bezel-less Display,Samsung,98900,110900,0,0,0.0,https://www.croma.com/samsung-7-series-163-cm-65-inch-4k-ultra-hd-led-tizen-tv-with-bezel-less-display/p/271664,https://media.croma.com/image/upload/v1681301354/Croma%20Assets/Entertainment/Television/Images/271664_l7jaor.png
SAMSUNG 8 Series 163 cm (65 inch) 4K Ultra HD LED Tizen TV with Bezel-less Display,Samsung,114900,127900,0,0,0.0,https://www.croma.com/samsung-8-series-163-cm-65-inch-4k-ultra-hd-led-tizen-tv-with-bezel-less-display/p/271666,https://media.croma.com/image/upload/v1681305653/Croma%20Assets/Entertainment/Television/Images/271666_ylhyma.png
Haier 109 cm (43 inch) LED 4K Ultra HD Android TV with Google Assistant (2022 model),Haier,32990,51990,3,3,4.6666666667,https://www.croma.com/haier-109-cm-43-inch-led-4k-ultra-hd-android-tv-with-google-assistant-2022-model-/p/264074,https://media.croma.com/image/upload/v1683560619/Croma%20Assets/Entertainment/Television/Images/264074_0_evq6tl.png
SAMSUNG 7 Series 138 cm (55 inch) QLED 4K Smart Tizen TV with Bezel-less Display,Samsung,103900,118900,0,0,0.0,https://www.croma.com/samsung-7-series-138-cm-55-inch-qled-4k-smart-tizen-tv-with-bezel-less-display/p/271991,https://media.croma.com/image/upload/v1681297130/Croma%20Assets/Entertainment/Television/Images/271991_gzyzhh.png
LG UR80 126 cm (50 inch) 4K Ultra HD LED WebOS TV with AI Processor 4K Gen6,LG,60990,72990,0,0,0.0,https://www.croma.com/lg-ur80-126-cm-50-inch-4k-ultra-hd-led-webos-tv-with-ai-processor-4k-gen6/p/273718,https://media.croma.com/image/upload/v1686546721/Croma%20Assets/Entertainment/Television/Images/273718_umia5d.png
SAMSUNG 8 Series 108 cm (43 inch) 4K Ultra HD LED Tizen TV with Adaptive Sound,Samsung,54400,57900,0,0,0.0,https://www.croma.com/samsung-8-series-108-cm-43-inch-4k-ultra-hd-led-tizen-tv-with-adaptive-sound/p/272004,https://media.croma.com/image/upload/v1681470759/Croma%20Assets/Entertainment/Television/Images/272004_dgrfxe.png
LG UR75 165 cm (65 inch) 4K Ultra HD LED WebOS TV with α5 Gen5 AI Processor 4K,LG,65990,104990,0,0,0.0,https://www.croma.com/lg-ur75-165-cm-65-inch-4k-ultra-hd-led-webos-tv-with-%ce%b15-gen5-ai-processor-4k/p/274894,https://media.croma.com/image/upload/v1688377082/Croma%20Assets/Entertainment/Television/Images/274894_qwvm58.png
SAMSUNG 8 Series 138 cm (55 inch) 4K Ultra HD QLED Tizen TV with Bezel-less Display,Samsung,159990,189900,0,0,0.0,https://www.croma.com/samsung-8-series-138-cm-55-inch-4k-ultra-hd-qled-tizen-tv-with-bezel-less-display/p/271993,https://media.croma.com/image/upload/v1681298417/Croma%20Assets/Entertainment/Television/Images/271993_ovtvq3.png
SAMSUNG 8 139 cm (55 inch) 4K Ultra HD LED Tizen Smart TV with Alexa Compatibility,Samsung,68990,94900,2,2,4.0,https://www.croma.com/samsung-8-139-cm-55-inch-4k-ultra-hd-led-tizen-smart-tv-with-alexa-compatibility/p/252012,https://media.croma.com/image/upload/v1680264987/252012_bevisb.png
aiwa 108 cm (43 inch) 4K Ultra HD LED Android TV with Crysta Vision Technology,Aiwa,27690,59990,0,0,0.0,https://www.croma.com/aiwa-108-cm-43-inch-4k-ultra-hd-led-android-tv-with-crysta-vision-technology/p/268766,https://media.croma.com/image/upload/v1686217285/Croma%20Assets/Entertainment/Television/Images/268766_hgssm7.png
SAMSUNG 8 Series 138 cm (55 inch) 4K Ultra HD LED Tizen TV with Dynamic Crystal Color,Samsung,78900,85900,0,0,0.0,https://www.croma.com/samsung-8-series-138-cm-55-inch-4k-ultra-hd-led-tizen-tv-with-dynamic-crystal-color/p/271663,https://media.croma.com/image/upload/v1681304855/Croma%20Assets/Entertainment/Television/Images/271663_bharnv.png
SAMSUNG 6 Series 163 cm (65 inch) QLED 4K Tizen TV with Bezel-less Display,Samsung,160900,179900,0,0,0.0,https://www.croma.com/samsung-6-series-163-cm-65-inch-qled-4k-tizen-tv-with-bezel-less-display/p/271988,https://media.croma.com/image/upload/v1681295596/Croma%20Assets/Entertainment/Television/Images/271988_bizyex.png
SAMSUNG LS Frame Series 189 cm (75 inch) QLED 4K Ultra HD Tizen TV with Alexa Compatibility,Samsung,284900,424900,0,0,0.0,https://www.croma.com/samsung-ls-frame-series-189-cm-75-inch-qled-4k-ultra-hd-tizen-tv-with-alexa-compatibility/p/251983,https://media.croma.com/image/upload/v1680352853/251983_0_a21xgx.png
SAMSUNG Series 7 163 cm (65 inch) QLED 4K Ultra HD Tizen TV with Alexa Compatibility,Samsung,181490,234900,1,1,5.0,https://www.croma.com/samsung-series-7-163-cm-65-inch-qled-4k-ultra-hd-tizen-tv-with-alexa-compatibility/p/234611,https://media.croma.com/image/upload/v1663785431/Croma%20Assets/Entertainment/Television/Images/234611_0_lmq1wn.png
TCL C Series 165.1 cm (65 inch) 4K Ultra HD QLED Android TV with Voice Assistance (2022 model),TCL,75990,164990,3,3,4.6666666667,https://www.croma.com/tcl-c-series-165-1-cm-65-inch-4k-ultra-hd-qled-android-tv-with-voice-assistance-2022-model-/p/255760,https://media.croma.com/image/upload/v1670500549/Croma%20Assets/Entertainment/Television/Images/255760_yozfex.png
Panasonic 108 cm (43 inch) 4K Ultra HD LED Google TV with Audio Booster Plus Speaker,Panasonic,37990,49990,0,0,0.0,https://www.croma.com/panasonic-108-cm-43-inch-4k-ultra-hd-led-google-tv-with-audio-booster-plus-speaker/p/273071,https://media.croma.com/image/upload/v1688476137/Croma%20Assets/Entertainment/Television/Images/273071_f9kl6i.png
SAMSUNG 6 Series 108 cm (43 inch) QLED 4K Ultra HD Tizen TV with Adaptive Sound,Samsung,66400,72900,0,0,0.0,https://www.croma.com/samsung-6-series-108-cm-43-inch-qled-4k-ultra-hd-tizen-tv-with-adaptive-sound/p/272001,https://media.croma.com/image/upload/v1681463378/Croma%20Assets/Entertainment/Television/Images/272001_uyequo.png
SAMSUNG 7 Series 163 cm (65 inch) QLED 4K Ultra HD Tizen TV with Bezel-less Display,Samsung,172900,202900,0,0,0.0,https://www.croma.com/samsung-7-series-163-cm-65-inch-qled-4k-ultra-hd-tizen-tv-with-bezel-less-display/p/271992,https://media.croma.com/image/upload/v1681297173/Croma%20Assets/Entertainment/Television/Images/271992_yx3ucs.png
SAMSUNG 6 Series 138 cm (55 inch) QLED 4K Tizen TV with Bezel-less Display,Samsung,94400,105900,0,0,0.0,https://www.croma.com/samsung-6-series-138-cm-55-inch-qled-4k-tizen-tv-with-bezel-less-display/p/271987,https://media.croma.com/image/upload/v1688580301/Croma%20Assets/Entertainment/Television/Images/271987_0_l7yd97.png
SAMSUNG 8 Series 163 cm (65 inch) 4K Ultra HD QLED Tizen TV with Bezel-less Display,Samsung,214990,249900,0,0,0.0,https://www.croma.com/samsung-8-series-163-cm-65-inch-4k-ultra-hd-qled-tizen-tv-with-bezel-less-display/p/271994,https://media.croma.com/image/upload/v1681298503/Croma%20Assets/Entertainment/Television/Images/271994_pr5h49.png
SAMSUNG  Series 7 138 cm (55 inch) 4K Ultra HD LED Tizen TV with Voice Assistance (2022 model),Samsung,61990,70900,0,0,0.0,https://www.croma.com/samsung-series-7-138-cm-55-inch-4k-ultra-hd-led-tizen-tv-with-voice-assistance-2022-model-/p/258508,https://media.croma.com/image/upload/v1667229822/Croma%20Assets/Entertainment/Television/Images/258508_0_wszqil.png
SAMSUNG 6 Series 125 cm (50 inch) QLED 4K Tizen TV with Bezel-less Display,Samsung,74900,83900,0,0,0.0,https://www.croma.com/samsung-6-series-125-cm-50-inch-qled-4k-tizen-tv-with-bezel-less-display/p/271986,https://media.croma.com/image/upload/v1688580280/Croma%20Assets/Entertainment/Television/Images/271986_0_re3chm.png
LG UQ75 108 cm (43 inch) 4K Ultra HD LED WebOS TV with Gen5 AI Processor 4K,LG,28990,49990,0,0,0.0,https://www.croma.com/lg-uq75-108-cm-43-inch-4k-ultra-hd-led-webos-tv-with-gen5-ai-processor-4k/p/274582,https://media.croma.com/image/upload/v1688462862/Croma%20Assets/Entertainment/Television/Images/274582_lxviqe.png
Croma 109 cm (43 inch) 4K Ultra HD Smart WebOS TV with Dolby Audio,Croma,22990,50000,44,46,4.1304347826,https://www.croma.com/croma-109-cm-43-inch-4k-ultra-hd-smart-webos-tv-with-dolby-audio/p/265284,https://media.croma.com/image/upload/v1672735448/Croma%20Assets/Entertainment/Television/Images/265284_lfxmkp.png
realme 108 cm (43 inch) 4K Ultra HD LED Android TV with Google Assistant (2021 model),Realme,23999,32999,1,1,4.0,https://www.croma.com/realme-108-cm-43-inch-4k-ultra-hd-led-android-tv-with-google-assistant-2021-model-/p/252954,https://media.croma.com/image/upload/v1664418734/Croma%20Assets/Entertainment/Television/Images/252954_0_aznhar.png
SONY Bravia A80J 139 cm (55 inch) OLED 4K Ultra HD Android TV with Alexa Compatibility,Sony,124990,249900,24,33,4.5454545455,https://www.croma.com/sony-bravia-a80j-139-cm-55-inch-oled-4k-ultra-hd-android-tv-with-alexa-compatibility/p/237752,https://media.croma.com/image/upload/v1663782477/Croma%20Assets/Entertainment/Television/Images/237752_0_ekzhpl.png
SONY X82L 189 cm (75 inch) 4K Ultra HD LED Google TV with Live Colour Technology (2023 model),Sony,170990,269900,0,0,0.0,https://www.croma.com/sony-x82l-189-cm-75-inch-4k-ultra-hd-led-google-tv-with-live-colour-technology-2023-model-/p/273821,https://media.croma.com/image/upload/v1689334348/Croma%20Assets/Entertainment/Television/Images/273821_0_jx1xz7.png
LG G2 139 cm (55 inch) OLED 4K Ultra HD WebOS TV with Voice Assistance (2022 model),LG,140999,254990,11,11,4.2727272727,https://www.croma.com/lg-g2-139-cm-55-inch-oled-4k-ultra-hd-webos-tv-with-voice-assistance-2022-model-/p/258424,https://media.croma.com/image/upload/v1664417174/Croma%20Assets/Entertainment/Television/Images/258424_0_putdlt.png
KODAK Matrix 126 cm (50 inch) QLED 4K Ultra HD Google TV with DTS TruSurround Technology (2022 model),Kodak,31999,49999,0,0,0.0,https://www.croma.com/kodak-matrix-126-cm-50-inch-qled-4k-ultra-hd-google-tv-with-dts-trusurround-technology-2022-model-/p/267683,https://media.croma.com/image/upload/v1683557869/Croma%20Assets/Entertainment/Television/Images/267683_0_xhfwki.png
TCL P Series 189 cm (75 inch) 4K Ultra HD LED Android TV with Dolby Audio Digital Decoder,TCL,79990,254990,0,0,0.0,https://www.croma.com/tcl-p-series-189-cm-75-inch-4k-ultra-hd-led-android-tv-with-dolby-audio-digital-decoder/p/265855,https://media.croma.com/image/upload/v1683554181/Croma%20Assets/Entertainment/Television/Images/265855_0_isn6ks.png
SAMSUNG Crystal 4K 163 cm (65 inch) 4K Ultra HD LED Tizen TV (2021 model),Samsung,69990,116900,0,0,0.0,https://www.croma.com/samsung-crystal-4k-163-cm-65-inch-4k-ultra-hd-led-tizen-tv-2021-model-/p/252332,https://media.croma.com/image/upload/v1663784046/Croma%20Assets/Entertainment/Television/Images/252332_0_rdtfxn.png
Haier GS Series 109 cm (43 inch) 4K Ultra HD LED Google TV with Dolby Atmos,Haier,30990,50990,0,0,0.0,https://www.croma.com/haier-gs-series-109-cm-43-inch-4k-ultra-hd-led-google-tv-with-dolby-atmos/p/273162,https://media.croma.com/image/upload/v1688399587/Croma%20Assets/Entertainment/Television/Images/273162_iynixk.png
Hisense A6H 108 cm (43 inch) 4K Ultra HD LED Google TV with Dolby Vision (2022 model),Hisense,27990,44990,0,0,0.0,https://www.croma.com/hisense-a6h-108-cm-43-inch-4k-ultra-hd-led-google-tv-with-dolby-vision-2022-model-/p/257093,https://media.croma.com/image/upload/v1683553213/Croma%20Assets/Entertainment/Television/Images/257093_0_ky5dy7.png
LG UR80 189 cm (75 inch) 4K Ultra HD LED WebOS TV with  AI Processor 4K Gen6,LG,143990,224990,0,0,0.0,https://www.croma.com/lg-ur80-189-cm-75-inch-4k-ultra-hd-led-webos-tv-with-ai-processor-4k-gen6/p/273714,https://media.croma.com/image/upload/v1689334185/Croma%20Assets/Entertainment/Television/Images/273714_0_isvi9k.png
TCL C835 138.7 cm (55 inch) QLED 4K Ultra HD LED Android TV with Voice Assistance (2022 model),TCL,99990,249990,0,0,0.0,https://www.croma.com/tcl-c835-138-7-cm-55-inch-qled-4k-ultra-hd-led-android-tv-with-voice-assistance-2022-model-/p/255758,https://media.croma.com/image/upload/v1680264497/Croma%20Assets/Entertainment/Television/Images/255758_ndwfvq.png
TCL 75P635 Pro 189 cm (74.40 inch) 4K Ultra HD LED Android TV with Google Assistant,TCL,119990,256990,0,0,0.0,https://www.croma.com/tcl-75p635-pro-189-cm-74-40-inch-4k-ultra-hd-led-android-tv-with-google-assistant/p/272265,https://media.croma.com/image/upload/v1689335247/Croma%20Assets/Entertainment/Television/Images/272265_0_xfoqio.png
TCL P Series 165 cm (65 inch) 4K Ultra HD LED Android 11 Google TV with Dolby Audio Digital Decoder,TCL,49990,124990,1,1,5.0,https://www.croma.com/tcl-p-series-165-cm-65-inch-4k-ultra-hd-led-android-11-google-tv-with-dolby-audio-digital-decoder/p/265854,https://media.croma.com/image/upload/v1683554151/Croma%20Assets/Entertainment/Television/Images/265854_0_hanfrg.png
SONY Bravia 108 cm (43 inch) 4K Ultra HD LED Android TV with Voice Assistance (2022 model),Sony,42990,69900,0,0,0.0,https://www.croma.com/sony-bravia-108-cm-43-inch-4k-ultra-hd-led-android-tv-with-voice-assistance-2022-model-/p/272017,https://media.croma.com/image/upload/v1683022412/Croma%20Assets/Entertainment/Television/Images/272017_b5oc0j.png
aiwa Magnifiq 139 cm (55 inch) Ultra HD 4K LED Smart Android TV with Dolby Vision Support (2022 model),Aiwa,29989,99990,0,0,0.0,https://www.croma.com/aiwa-magnifiq-139-cm-55-inch-ultra-hd-4k-led-smart-android-tv-with-dolby-vision-support-2022-model-/p/268768,https://media.croma.com/image/upload/v1683557420/Croma%20Assets/Entertainment/Television/Images/268768_0_uctbzy.png
SONY X90K 189.03 cm (75 inch) 4K Ultra HD LED Google Android TV with Voice Assistance (2022 model),Sony,246990,379900,2,2,4.5,https://www.croma.com/sony-x90k-189-03-cm-75-inch-4k-ultra-hd-led-google-android-tv-with-voice-assistance-2022-model-/p/260214,https://media.croma.com/image/upload/v1667229205/Croma%20Assets/Entertainment/Television/Images/260214_0_a3dqqk.png
SAMSUNG Series 7 138 cm (55 inch) 4K Ultra HD LED Tizen TV with Alexa Compatibility (2021 model),Samsung,44990,79400,75,86,4.4069767442,https://www.croma.com/samsung-series-7-138-cm-55-inch-4k-ultra-hd-led-tizen-tv-with-alexa-compatibility-2021-model-/p/234601,https://media.croma.com/image/upload/v1663786046/Croma%20Assets/Entertainment/Television/Images/234601_0_bpwpqe.png
SAMSUNG Crystal 4K iSmart 138 cm (55 inch) 4K Ultra HD LED Tizen TV with Crystal Processor 4K,Samsung,45990,69900,0,0,0.0,https://www.croma.com/samsung-crystal-4k-ismart-138-cm-55-inch-4k-ultra-hd-led-tizen-tv-with-crystal-processor-4k/p/274147,https://media.croma.com/image/upload/v1688711590/Croma%20Assets/Entertainment/Television/Images/274147_pebua1.png
TCL C Series 189 cm (75 inch) QLED 4K Ultra HD Android TV with Voice Assistance (2022 model),TCL,119990,299990,0,0,0.0,https://www.croma.com/tcl-c-series-189-cm-75-inch-qled-4k-ultra-hd-android-tv-with-voice-assistance-2022-model-/p/255763,https://media.croma.com/image/upload/v1680264510/Croma%20Assets/Entertainment/Television/Images/255763_xtyap0.png
SONY X90K 138.8 cm (55 inch) 4K Ultra HD LED Google Android TV with Voice Assistance (2022 model),Sony,104490,169900,10,10,4.5,https://www.croma.com/sony-x90k-138-8-cm-55-inch-4k-ultra-hd-led-google-android-tv-with-voice-assistance-2022-model-/p/256347,https://media.croma.com/image/upload/v1664427669/Croma%20Assets/Entertainment/Television/Images/256347_0_q4yl9d.png
SAMSUNG Series 8 138 cm (55 inch) 4K Ultra HD LED Tizen TV with Alexa Compatibility,Samsung,63490,89400,58,60,4.5166666667,https://www.croma.com/samsung-series-8-138-cm-55-inch-4k-ultra-hd-led-tizen-tv-with-alexa-compatibility/p/252006,https://media.croma.com/image/upload/v1663785341/Croma%20Assets/Entertainment/Television/Images/252006_0_wzdpx1.png
Xiaomi X Series 127 cm (50 inch) 4K Ultra HD LED Android TV with Dolby Audio (2023 model),Xiaomi,34999,44999,0,0,0.0,https://www.croma.com/xiaomi-x-series-127-cm-50-inch-4k-ultra-hd-led-android-tv-with-dolby-audio-2023-model-/p/275231,https://media.croma.com/image/upload/v1689402418/Croma%20Assets/Entertainment/Television/Images/275231_ybhvzc.png
LG UQ80 164 cm (65 inch) 4K Ultra HD LED WebOS TV with Voice Assistance (2022 model),LG,81990,124990,23,23,4.3913043478,https://www.croma.com/lg-uq80-164-cm-65-inch-4k-ultra-hd-led-webos-tv-with-voice-assistance-2022-model-/p/257195,https://media.croma.com/image/upload/v1680096359/Croma%20Assets/Entertainment/Television/Images/257195_evfhgl.png
Hisense A73F 164 cm (65 inch) 4K Ultra HD LED Android TV with Google Assistant (2021 model),Hisense,54990,82990,1,2,5.0,https://www.croma.com/hisense-a73f-164-cm-65-inch-4k-ultra-hd-led-android-tv-with-google-assistant-2021-model-/p/233060,https://media.croma.com/image/upload/v1663784314/Croma%20Assets/Entertainment/Television/Images/233060_0_cesiit.png
LG UQ80 108 cm (43 inch) 4K Ultra HD LED WebOS TV with Voice Assistance (2022 model),LG,39990,59990,76,82,4.5243902439,https://www.croma.com/lg-uq80-108-cm-43-inch-4k-ultra-hd-led-webos-tv-with-voice-assistance-2022-model-/p/256198,https://media.croma.com/image/upload/v1664431209/Croma%20Assets/Entertainment/Television/Images/256198_0_sftywr.png
Panasonic LX 108 cm (43 inch) 4K Ultra HD LED Android TV with Google Assistant,Panasonic,42490,56990,3,3,4.6666666667,https://www.croma.com/panasonic-lx-108-cm-43-inch-4k-ultra-hd-led-android-tv-with-google-assistant/p/251786,https://media.croma.com/image/upload/v1664410121/Croma%20Assets/Entertainment/Television/Images/251786_0_xrso5s.png
TCL 55P635 139 cm (55 inch) 4K Ultra HD LED Android TV with Dolby Audio (2022 model),TCL,35990,77990,0,0,0.0,https://www.croma.com/tcl-55p635-139-cm-55-inch-4k-ultra-hd-led-android-tv-with-dolby-audio-2022-model-/p/265853,https://media.croma.com/image/upload/v1683554118/Croma%20Assets/Entertainment/Television/Images/265853_0_o1k8te.png
SONY Professional 253 cm (100 inch) 4K Ultra HD Android Smart TV with Cognitive Processor XR (2021 model),Sony,2700000,2700000,0,0,0.0,https://www.croma.com/sony-professional-253-cm-100-inch-4k-ultra-hd-android-smart-tv-with-cognitive-processor-xr-2021-model-/p/260027,https://media.croma.com/image/upload/v1669623187/Croma%20Assets/Entertainment/Television/Images/260027_0_hpieu9.png
SAMSUNG Series 8 216 cm (85 inch) 4K Ultra HD LED Tizen TV with Alexa Compatibility,Samsung,364990,519900,0,0,0.0,https://www.croma.com/samsung-series-8-216-cm-85-inch-4k-ultra-hd-led-tizen-tv-with-alexa-compatibility/p/252010,https://media.croma.com/image/upload/v1680264512/Croma%20Assets/Entertainment/Television/Images/252010_fe6gp9.png
realme 126 cm (50 inch) 4K Ultra HD LED Android TV with Google Assistant (2021 model),Realme,31999,42999,0,0,0.0,https://www.croma.com/realme-126-cm-50-inch-4k-ultra-hd-led-android-tv-with-google-assistant-2021-model-/p/252955,https://media.croma.com/image/upload/v1664418735/Croma%20Assets/Entertainment/Television/Images/252955_0_rd0vpe.png
SAMSUNG Series 6 125 cm (50 inch) QLED 4K Ultra HD Tizen TV with Alexa Compatibility,Samsung,66690,99900,8,8,5.0,https://www.croma.com/samsung-series-6-125-cm-50-inch-qled-4k-ultra-hd-tizen-tv-with-alexa-compatibility/p/251985,https://media.croma.com/image/upload/v1664431805/Croma%20Assets/Entertainment/Television/Images/251985_0_jcm8eq.png
KODAK Matrix 139 cm (55 inch) QLED 4K Ultra HD Google TV with DTS TruSurround Technology (2022 model),Kodak,35999,59999,0,0,0.0,https://www.croma.com/kodak-matrix-139-cm-55-inch-qled-4k-ultra-hd-google-tv-with-dts-trusurround-technology-2022-model-/p/267684,https://media.croma.com/image/upload/v1683557821/Croma%20Assets/Entertainment/Television/Images/267684_0_i6l6kq.png
SAMSUNG Series 8 108cm (43 inch) 4K Ultra HD LED Tizen TV with Alexa Compatibility,Samsung,42490,64900,5,5,5.0,https://www.croma.com/samsung-series-8-108cm-43-inch-4k-ultra-hd-led-tizen-tv-with-alexa-compatibility/p/252011,https://media.croma.com/image/upload/v1680264987/252011_0_pmbnx4.png
Hisense Bezelless 126 cm (50 inch) LED 4K Ultra HD Google TV with Dolby Vision (2022 model),Hisense,32990,54990,0,0,0.0,https://www.croma.com/hisense-bezelless-126-cm-50-inch-led-4k-ultra-hd-google-tv-with-dolby-vision-2022-model-/p/267994,https://media.croma.com/image/upload/v1683556502/Croma%20Assets/Entertainment/Television/Images/267994_0_y0t0fe.png
SAMSUNG Series 8 152.4 cm (60 inch) 4K Ultra HD LED Tizen TV with Alexa Compatibility,Samsung,72990,103900,14,15,4.5333333333,https://www.croma.com/samsung-series-8-152-4-cm-60-inch-4k-ultra-hd-led-tizen-tv-with-alexa-compatibility/p/252008,https://media.croma.com/image/upload/v1680351497/252008_0_f7uszm.png
TOSHIBA 50C350LP 126 cm (50 inch) 4K Ultra HD LED Google TV with Dolby Vision & Dolby Atmos (2022 model) ,Toshiba,33990,54990,0,0,0.0,https://www.croma.com/toshiba-50c350lp-126-cm-50-inch-4k-ultra-hd-led-google-tv-with-dolby-vision-dolby-atmos-2022-model-/p/263059,https://media.croma.com/image/upload/v1664376012/Croma%20Assets/Entertainment/Television/Images/263059_gxhsxg.png
Xiaomi X Series 108 cm (43 inch) 4K Ultra HD LED Android TV with Dolby Audio,Xiaomi,28999,42999,0,0,0.0,https://www.croma.com/xiaomi-x-series-108-cm-43-inch-4k-ultra-hd-led-android-tv-with-dolby-audio/p/275230,https://media.croma.com/image/upload/v1689402338/Croma%20Assets/Entertainment/Television/Images/275230_o7wgnf.png
LG UQ75 108 cm (43 inch) 4K Ultra HD LED WebOS TV with Voice Assistance (2022 model),LG,38990,47990,7,7,4.5714285714,https://www.croma.com/lg-uq75-108-cm-43-inch-4k-ultra-hd-led-webos-tv-with-voice-assistance-2022-model-/p/257221,https://media.croma.com/image/upload/v1667229331/Croma%20Assets/Entertainment/Television/Images/257221_0_mp80iu.png
SAMSUNG Series 9 138 cm (55 inch) QLED 4K Ultra HD Tizen TV with Alexa Compatibility,Samsung,130990,219900,2,2,5.0,https://www.croma.com/samsung-series-9-138-cm-55-inch-qled-4k-ultra-hd-tizen-tv-with-alexa-compatibility/p/251990,https://media.croma.com/image/upload/v1663780946/Croma%20Assets/Entertainment/Television/Images/251990_0_x5vtte.png
Haier K6600 Series 108 cm (43 inch) 4K Ultra HD LED Android TV with Google Assistant (2020 model),Haier,33990,51490,10,16,4.3125,https://www.croma.com/haier-k6600-series-108-cm-43-inch-4k-ultra-hd-led-android-tv-with-google-assistant-2020-model-/p/232856,https://media.croma.com/image/upload/v1664411593/Croma%20Assets/Entertainment/Television/Images/232856_0_gui06d.png
Hisense A71F 177 cm (70 inch) 4K Ultra HD LED Android TV with Google Assistant (2021 model),Hisense,62990,99990,0,0,0.0,https://www.croma.com/hisense-a71f-177-cm-70-inch-4k-ultra-hd-led-android-tv-with-google-assistant-2021-model-/p/233049,https://media.croma.com/image/upload/v1663783544/Croma%20Assets/Entertainment/Television/Images/233049_0_qxwlbc.png
TCL C835 Series 165 cm (65 inch) QLED 4K Ultra HD Android TV with Google Assistant,TCL,139990,309990,0,0,0.0,https://www.croma.com/tcl-c835-series-165-cm-65-inch-qled-4k-ultra-hd-android-tv-with-google-assistant/p/255761,https://media.croma.com/image/upload/v1680264519/Croma%20Assets/Entertainment/Television/Images/255761_jp7ock.png
LG G2 245 cm (97 inch) OLED 4K Ultra HD WebOS TV with Dolby Vision and Dolby Atmos (2022 model),LG,1999990,2499990,0,0,0.0,https://www.croma.com/lg-g2-245-cm-97-inch-oled-4k-ultra-hd-webos-tv-with-dolby-vision-and-dolby-atmos-2022-model-/p/271200,https://media.croma.com/image/upload/v1680073937/Croma%20Assets/Entertainment/Television/Images/271200_mawdp0.png
SAMSUNG Crystal 4K iSmart 163 cm (65 inch) 4K Ultra HD LED Tizen TV with Crystal Processor 4K,Samsung,67990,116900,0,0,0.0,https://www.croma.com/samsung-crystal-4k-ismart-163-cm-65-inch-4k-ultra-hd-led-tizen-tv-with-crystal-processor-4k/p/274148,https://media.croma.com/image/upload/v1688711656/Croma%20Assets/Entertainment/Television/Images/274148_vwcxga.png
LG UQ80 139 cm (55 inch) 4K Ultra HD LED WebOS TV with Voice Assistance (2022 model),LG,54490,84990,90,94,4.7127659574,https://www.croma.com/lg-uq80-139-cm-55-inch-4k-ultra-hd-led-webos-tv-with-voice-assistance-2022-model-/p/256092,https://media.croma.com/image/upload/v1680096350/Croma%20Assets/Entertainment/Television/Images/256092_wjakb8.png
SAMSUNG 6 Series 214 cm (85 inch) QLED 4K Tizen TV with Bezel-less Display,Samsung,569900,699900,0,0,0.0,https://www.croma.com/samsung-6-series-214-cm-85-inch-qled-4k-tizen-tv-with-bezel-less-display/p/271990,https://media.croma.com/image/upload/v1681296208/Croma%20Assets/Entertainment/Television/Images/271990_mgtzws.png
Panasonic LX 165 cm (65 inch) 4K Ultra HD LED Android TV with Google Assistant,Panasonic,105880,129990,0,0,0.0,https://www.croma.com/panasonic-lx-165-cm-65-inch-4k-ultra-hd-led-android-tv-with-google-assistant/p/252086,https://media.croma.com/image/upload/v1663780268/Croma%20Assets/Entertainment/Television/Images/252086_0_soonu1.png
SAMSUNG Series 8 216 cm (85 inch) 4K Ultra HD Tizen TV with Adaptive Sound ,Samsung,389900,449900,0,0,0.0,https://www.croma.com/samsung-series-8-216-cm-85-inch-4k-ultra-hd-tizen-tv-with-adaptive-sound-/p/272286,https://media.croma.com/image/upload/v1689334724/Croma%20Assets/Entertainment/Television/Images/272286_0_vtyi8t.png
SAMSUNG Series 8 189 cm (75 inch) 4K Ultra HD LED Tizen TV with Adaptive Sound ,Samsung,184900,214900,0,0,0.0,https://www.croma.com/samsung-series-8-189-cm-75-inch-4k-ultra-hd-led-tizen-tv-with-adaptive-sound-/p/272285,https://media.croma.com/image/upload/v1689155442/Croma%20Assets/Entertainment/Television/Images/272285_0_y0igga.png
LG NANO75 189 cm (75 inch) 4K Ultra HD Nano Cell WebOS TV with Voice Assistance,LG,229990,269990,0,0,0.0,https://www.croma.com/lg-nano75-189-cm-75-inch-4k-ultra-hd-nano-cell-webos-tv-with-voice-assistance/p/258428,https://media.croma.com/image/upload/v1664417000/Croma%20Assets/Entertainment/Television/Images/258428_0_suuqcg.png
SAMSUNG Series 6 189 cm (75 inch) QLED 4K Ultra HD Tizen TV with Alexa Compatibility,Samsung,274990,384900,0,0,0.0,https://www.croma.com/samsung-series-6-189-cm-75-inch-qled-4k-ultra-hd-tizen-tv-with-alexa-compatibility/p/251988,https://media.croma.com/image/upload/v1663785031/Croma%20Assets/Entertainment/Television/Images/251988_0_cshvow.png
SAMSUNG Series 9 216 cm (85 inch) QLED 4K Ultra HD Tizen TV with Alexa Compatibility,Samsung,589990,879900,0,0,0.0,https://www.croma.com/samsung-series-9-216-cm-85-inch-qled-4k-ultra-hd-tizen-tv-with-alexa-compatibility/p/251993,https://media.croma.com/image/upload/v1663780882/Croma%20Assets/Entertainment/Television/Images/251993_0_ozywkf.png
SAMSUNG Series 7 125 cm (50 inch) 4K Ultra HD LED Tizen TV with Alexa Compatibility (2021 model),Samsung,50990,69900,33,36,4.5,https://www.croma.com/samsung-series-7-125-cm-50-inch-4k-ultra-hd-led-tizen-tv-with-alexa-compatibility-2021-model-/p/234369,https://media.croma.com/image/upload/v1664430978/Croma%20Assets/Entertainment/Television/Images/234369_0_is8ss2.png
SAMSUNG Series 9 189 cm (75 inch) QLED 4K Ultra HD Tizen TV with Alexa Compatibility,Samsung,389990,589900,2,2,5.0,https://www.croma.com/samsung-series-9-189-cm-75-inch-qled-4k-ultra-hd-tizen-tv-with-alexa-compatibility/p/251992,https://media.croma.com/image/upload/v1663780821/Croma%20Assets/Entertainment/Television/Images/251992_0_pttn6g.png
SAMSUNG Series 7 138 cm (55 inch) QLED 4K Ultra HD Tizen TV with Alexa Compatibility,Samsung,118900,138900,0,0,0.0,https://www.croma.com/samsung-series-7-138-cm-55-inch-qled-4k-ultra-hd-tizen-tv-with-alexa-compatibility/p/252001,https://media.croma.com/image/upload/v1663785371/Croma%20Assets/Entertainment/Television/Images/252001_0_bl6xvz.png
SONY X85K Series 214.8 cm (85 inch) 4K Ultra HD LED Google Android TV with Voice Assistance (2022 model),Sony,332490,599900,0,0,0.0,https://www.croma.com/sony-x85k-series-214-8-cm-85-inch-4k-ultra-hd-led-google-android-tv-with-voice-assistance-2022-model-/p/259309,https://media.croma.com/image/upload/v1667229886/Croma%20Assets/Entertainment/Television/Images/259309_0_wicomy.png
SANSUI 178 cm (70 inch) 4K Ultra HD LED Android TV with Dolby Vision & Dolby Atmos (2022 model),Sansui,64990,94500,0,0,0.0,https://www.croma.com/sansui-178-cm-70-inch-4k-ultra-hd-led-android-tv-with-dolby-vision-dolby-atmos-2022-model-/p/267417,https://media.croma.com/image/upload/v1672902312/Croma%20Assets/Entertainment/Television/Images/267417_pbk193.png
TOSHIBA 65M550LP 164 cm (65 inch) QLED 4K Ultra HD Google TV with Dolby Vision & Dolby Atmos (2022 model) ,Toshiba,74990,114990,0,0,0.0,https://www.croma.com/toshiba-65m550lp-164-cm-65-inch-qled-4k-ultra-hd-google-tv-with-dolby-vision-dolby-atmos-2022-model-/p/263092,https://media.croma.com/image/upload/v1664375893/Croma%20Assets/Entertainment/Television/Images/263092_jhljrj.png
SONY 215 cm (85 inch) LED 4K Ultra HD Google TV with Dolby Atmos ,Sony,569990,899900,0,0,0.0,https://www.croma.com/sony-215-cm-85-inch-led-4k-ultra-hd-google-tv-with-dolby-atmos-/p/273959,https://media.croma.com/image/upload/v1686724339/Croma%20Assets/Entertainment/Television/Images/273959_eg3k8n.png
LG C2 210 cm (83 inch) 4K Ultra HD OLED WebOS TV with Voice Assistance (2022 model),LG,699990,1174990,0,0,0.0,https://www.croma.com/lg-c2-210-cm-83-inch-4k-ultra-hd-oled-webos-tv-with-voice-assistance-2022-model-/p/257393,https://media.croma.com/image/upload/v1664419190/Croma%20Assets/Entertainment/Television/Images/257393_0_oncuez.png
SONY X80L 215 cm (85 inch) 4K Ultra HD Android TV with X-Reality PRO (2023 model),Sony,351490,599900,0,0,0.0,https://www.croma.com/sony-x80l-215-cm-85-inch-4k-ultra-hd-android-tv-with-x-reality-pro-2023-model-/p/273990,https://media.croma.com/image/upload/v1686725353/Croma%20Assets/Entertainment/Television/Images/273990_j6lppn.png
Panasonic LX 108 cm (43 inch) 4K Ultra HD LED Android TV with Google Assistant,Panasonic,39990,51990,8,8,4.75,https://www.croma.com/panasonic-lx-108-cm-43-inch-4k-ultra-hd-led-android-tv-with-google-assistant/p/251785,https://media.croma.com/image/upload/v1664410103/Croma%20Assets/Entertainment/Television/Images/251785_0_rpqhsc.png
LG UR80 218 cm (86 inch) 4K Ultra HD LED WebOS TV with AI Processor 4K Gen6,LG,319990,399990,0,0,0.0,https://www.croma.com/lg-ur80-218-cm-86-inch-4k-ultra-hd-led-webos-tv-with-ai-processor-4k-gen6/p/273713,https://media.croma.com/image/upload/v1689334065/Croma%20Assets/Entertainment/Television/Images/273713_0_rlpwzb.png
PHILIPS 8200 Series 126 cm (50 inch) 4K Ultra HD LED Android TV with Google Assistant (2021 model),Philips,42999,69990,0,0,0.0,https://www.croma.com/philips-8200-series-126-cm-50-inch-4k-ultra-hd-led-android-tv-with-google-assistant-2021-model-/p/232748,https://media.croma.com/image/upload/v1664424051/Croma%20Assets/Entertainment/Television/Images/232748_0_leph5p.png
Panasonic LX 189 cm (75 inch) 4K Ultra HD LED Android TV with Google Assistant,Panasonic,159900,214990,0,0,0.0,https://www.croma.com/panasonic-lx-189-cm-75-inch-4k-ultra-hd-led-android-tv-with-google-assistant/p/251789,https://media.croma.com/image/upload/v1663780583/Croma%20Assets/Entertainment/Television/Images/251789_0_zoakuw.png
SAMSUNG Series 8 163 cm (65 inch) 4K Ultra HD LED Tizen TV with Alexa Compatibility,Samsung,94990,137900,6,7,4.7142857143,https://www.croma.com/samsung-series-8-163-cm-65-inch-4k-ultra-hd-led-tizen-tv-with-alexa-compatibility/p/252007,https://media.croma.com/image/upload/v1680264987/252007_0_ehr7u5.png
SAMSUNG Series 9 125 cm (50 inch) QLED 4K Ultra HD Tizen TV with Alexa Compatibility,Samsung,99899,136900,3,3,4.6666666667,https://www.croma.com/samsung-series-9-125-cm-50-inch-qled-4k-ultra-hd-tizen-tv-with-alexa-compatibility/p/251989,https://media.croma.com/image/upload/v1664431779/Croma%20Assets/Entertainment/Television/Images/251989_0_mvvdjc.png
Haier K6600 Series 127 cm (50 inch) 4K Ultra HD LED Android TV with Google Assistant (2020 model),Haier,31990,63490,2,3,4.0,https://www.croma.com/haier-k6600-series-127-cm-50-inch-4k-ultra-hd-led-android-tv-with-google-assistant-2020-model-/p/232857,https://media.croma.com/image/upload/v1664411627/Croma%20Assets/Entertainment/Television/Images/232857_0_z6m51d.png
LG UQ80 189 cm (75 inch) 4K Ultra HD LED WebOS TV with Voice Assistance (2022 model),LG,143850,224990,7,7,4.7142857143,https://www.croma.com/lg-uq80-189-cm-75-inch-4k-ultra-hd-led-webos-tv-with-voice-assistance-2022-model-/p/257198,https://media.croma.com/image/upload/v1680316447/257198_0_pte0t9.png
LG UR75 127 cm (50 inch) 4K Ultra HD LED WebOS TV with Gen5 AI Processor 4K ,LG,57990,67990,0,0,0.0,https://www.croma.com/lg-ur75-127-cm-50-inch-4k-ultra-hd-led-webos-tv-with-gen5-ai-processor-4k-/p/274892,https://media.croma.com/image/upload/v1688376570/Croma%20Assets/Entertainment/Television/Images/274892_ccq7xo.png
LG C3 195 cm (77 inch) OLED 4K Ultra HD WebOS TV with AI Processor Gen6 AI,LG,519990,699990,0,0,0.0,https://www.croma.com/lg-c3-195-cm-77-inch-oled-4k-ultra-hd-webos-tv-with-ai-processor-gen6-ai/p/274033,https://media.croma.com/image/upload/v1686937327/Croma%20Assets/Entertainment/Television/Images/274033_nirb7q.png
Panasonic LX 139 cm (55 inch) 4K Ultra HD LED Android TV with Alexa Compatibility,Panasonic,72490,89990,0,0,0.0,https://www.croma.com/panasonic-lx-139-cm-55-inch-4k-ultra-hd-led-android-tv-with-alexa-compatibility/p/251788,https://media.croma.com/image/upload/v1663780573/Croma%20Assets/Entertainment/Television/Images/251788_0_bgdek1.png
SAMSUNG Series 8 125 cm (50 inch) 4K Ultra HD LED Tizen TV with Alexa Compatibility,Samsung,56990,78900,32,34,4.5588235294,https://www.croma.com/samsung-series-8-125-cm-50-inch-4k-ultra-hd-led-tizen-tv-with-alexa-compatibility/p/252005,https://media.croma.com/image/upload/v1680264985/252005_0_cskdoh.png
SONY X95K 215 cm (85 inch) 4K Ultra HD LED Android TV with Voice Assistance (2022 model),Sony,522490,899900,0,0,0.0,https://www.croma.com/sony-x95k-215-cm-85-inch-4k-ultra-hd-led-android-tv-with-voice-assistance-2022-model-/p/260215,https://media.croma.com/image/upload/v1667229368/Croma%20Assets/Entertainment/Television/Images/260215_0_pa55p7.png
SAMSUNG Series 7 163 cm (65 inch) 4K Ultra HD LED Tizen TV with Alexa Compatibility (2021 model),Samsung,81990,124900,8,9,5.0,https://www.croma.com/samsung-series-7-163-cm-65-inch-4k-ultra-hd-led-tizen-tv-with-alexa-compatibility-2021-model-/p/234603,https://media.croma.com/image/upload/v1663786089/Croma%20Assets/Entertainment/Television/Images/234603_0_omlabd.png
LG UM77 109.22 cm (43 inch) 4K Ultra HD LED WebOS TV with Alexa Compatibility (2021 model),LG,41790,64990,63,78,4.5769230769,https://www.croma.com/lg-um77-109-22-cm-43-inch-4k-ultra-hd-led-webos-tv-with-alexa-compatibility-2021-model-/p/241718,https://media.croma.com/image/upload/v1664410294/Croma%20Assets/Entertainment/Television/Images/241718_0_lnqotk.png
Haier 139 cm (55 inch) 4K Ultra HD LED Android TV with Google Assistant (2020 model),Haier,34990,85990,0,0,0.0,https://www.croma.com/haier-139-cm-55-inch-4k-ultra-hd-led-android-tv-with-google-assistant-2020-model-/p/247455,https://media.croma.com/image/upload/v1663783253/Croma%20Assets/Entertainment/Television/Images/247455_0_cirhuz.png
KODAK 7XPRO Series 126 cm (50 inch) 4K Ultra HD LED Android TV with Google Assistant (2021 model),Kodak,25999,42999,3,3,3.6666666667,https://www.croma.com/kodak-7xpro-series-126-cm-50-inch-4k-ultra-hd-led-android-tv-with-google-assistant-2021-model-/p/259950,https://media.croma.com/image/upload/v1664413586/Croma%20Assets/Entertainment/Television/Images/259950_0_lxfy7z.png
LG NANO75 217 cm (86 inch) 4K Ultra HD Nano Cell WebOS TV with Voice Assistance (2022 model),LG,421490,554990,1,1,4.0,https://www.croma.com/lg-nano75-217-cm-86-inch-4k-ultra-hd-nano-cell-webos-tv-with-voice-assistance-2022-model-/p/258429,https://media.croma.com/image/upload/v1664417002/Croma%20Assets/Entertainment/Television/Images/258429_0_xslyqs.png
LG C3 210 cm (83 inch) OLED 4K Ultra HD WebOS TV with AI Processor 4K Gen6,LG,799990,1174990,0,0,0.0,https://www.croma.com/lg-c3-210-cm-83-inch-oled-4k-ultra-hd-webos-tv-with-ai-processor-4k-gen6/p/274032,https://media.croma.com/image/upload/v1686937234/Croma%20Assets/Entertainment/Television/Images/274032_uy7mu6.png
LG UQ75 139 cm (55 inch) 4K Ultra HD LED WebOS TV with Voice Assistance (2022 model),LG,57490,71990,3,3,5.0,https://www.croma.com/lg-uq75-139-cm-55-inch-4k-ultra-hd-led-webos-tv-with-voice-assistance-2022-model-/p/257092,https://media.croma.com/image/upload/v1664409908/Croma%20Assets/Entertainment/Television/Images/257092_0_epiu0b.png
LG G3 139 cm (55 inch) OLED 4K Ultra HD WebOS TV with Dolby Vision and Dolby Atmos (2023 model),LG,229999,254990,0,0,0.0,https://www.croma.com/lg-g3-139-cm-55-inch-oled-4k-ultra-hd-webos-tv-with-dolby-vision-and-dolby-atmos-2023-model-/p/274031,https://media.croma.com/image/upload/v1686934982/Croma%20Assets/Entertainment/Television/Images/274031_v7gbki.png
SAMSUNG Series 8 165 cm (65 inch) 4K Ultra HD LED Tizen TV with Alexa Compatibility,Samsung,103999,147900,0,1,4.0,https://www.croma.com/samsung-series-8-165-cm-65-inch-4k-ultra-hd-led-tizen-tv-with-alexa-compatibility/p/252013,https://media.croma.com/image/upload/v1663785856/Croma%20Assets/Entertainment/Television/Images/252013_0_gvp4as.png
LG UQ80 177 cm (70 inch) 4K Ultra HD LED WebOS TV with Voice Assistance (2022 model),LG,101650,164990,3,3,4.6666666667,https://www.croma.com/lg-uq80-177-cm-70-inch-4k-ultra-hd-led-webos-tv-with-voice-assistance-2022-model-/p/257197,https://media.croma.com/image/upload/v1680675760/Croma%20Assets/Entertainment/Television/257197_0_lamgid.png
realme SLED 139 cm (55 inch) 4K Ultra HD LED Android TV with Google Assistant (2020 model),Realme,34999,69999,1,1,3.0,https://www.croma.com/realme-sled-139-cm-55-inch-4k-ultra-hd-led-android-tv-with-google-assistant-2020-model-/p/252956,https://media.croma.com/image/upload/v1663785078/Croma%20Assets/Entertainment/Television/Images/252956_0_tu4esi.png
TCL P735 139 cm (55 inch) 4K Ultra HD LED Android TV with Voice Assistance,TCL,40990,82990,11,11,4.0909090909,https://www.croma.com/tcl-p735-139-cm-55-inch-4k-ultra-hd-led-android-tv-with-voice-assistance/p/255759,https://media.croma.com/image/upload/v1664412965/Croma%20Assets/Entertainment/Television/Images/255759_12_ml2ihv.png
TCL 65P635 Pro 165 cm (65 inch) 4K Ultra HD LED Android TV with Google Assistant,TCL,60990,126990,0,0,0.0,https://www.croma.com/tcl-65p635-pro-165-cm-65-inch-4k-ultra-hd-led-android-tv-with-google-assistant/p/272264,https://media.croma.com/image/upload/v1686658701/Croma%20Assets/Entertainment/Television/Images/272264_mwsuuz.png
TOSHIBA 55C350LP 139 cm (55 inch) 4K Ultra HD LED Google TV with Dolby Vision & Dolby Atmos (2022 model) ,Toshiba,38990,59990,0,0,0.0,https://www.croma.com/toshiba-55c350lp-139-cm-55-inch-4k-ultra-hd-led-google-tv-with-dolby-vision-dolby-atmos-2022-model-/p/263090,https://media.croma.com/image/upload/v1664376103/Croma%20Assets/Entertainment/Television/Images/263090_mnyw46.png
KODAK 7XPRO Series 139 cm (55 inch) 4K Ultra HD LED Android TV with Google Assistant (2021 model),Kodak,29499,46999,1,1,5.0,https://www.croma.com/kodak-7xpro-series-139-cm-55-inch-4k-ultra-hd-led-android-tv-with-google-assistant-2021-model-/p/259951,https://media.croma.com/image/upload/v1664413569/Croma%20Assets/Entertainment/Television/Images/259951_0_lif0j7.png
SAMSUNG Series 7 189 cm (75 inch) 4K Ultra HD Tizen TV with Adaptive Sound ,Samsung,157900,182900,0,0,0.0,https://www.croma.com/samsung-series-7-189-cm-75-inch-4k-ultra-hd-tizen-tv-with-adaptive-sound-/p/272284,https://media.croma.com/image/upload/v1689334686/Croma%20Assets/Entertainment/Television/Images/272284_0_velark.png
SAMSUNG Series 6 108 cm (43 inch) QLED 4K Ultra HD Tizen TV with Alexa Compatibility,Samsung,55990,79900,6,6,4.8333333333,https://www.croma.com/samsung-series-6-108-cm-43-inch-qled-4k-ultra-hd-tizen-tv-with-alexa-compatibility/p/251984,https://media.croma.com/image/upload/v1664431688/Croma%20Assets/Entertainment/Television/Images/251984_0_tdt5a0.png
SAMSUNG Series 9 163 cm (65 inch) QLED 4K Ultra HD Tizen TV with Alexa Compatibility,Samsung,214990,349900,2,2,2.0,https://www.croma.com/samsung-series-9-163-cm-65-inch-qled-4k-ultra-hd-tizen-tv-with-alexa-compatibility/p/252000,https://media.croma.com/image/upload/v1663785344/Croma%20Assets/Entertainment/Television/Images/252000_0_v5eyzm.png
LG QNED91 190 cm (75 inch) 4K Ultra HD QNED WebOS TV with Alexa Compatibility,LG,509990,529990,0,0,0.0,https://www.croma.com/lg-qned91-190-cm-75-inch-4k-ultra-hd-qned-webos-tv-with-alexa-compatibility/p/258891,https://media.croma.com/image/upload/v1667229492/Croma%20Assets/Entertainment/Television/Images/258891_0_xoqera.png
LG Signature 164 cm (65 inch) OLED 4K Ultra HD WebOS TV with Google Assistant,LG,7500000,7999990,0,0,0.0,https://www.croma.com/lg-signature-164-cm-65-inch-oled-4k-ultra-hd-webos-tv-with-google-assistant/p/248788,https://media.croma.com/image/upload/v1663785197/Croma%20Assets/Entertainment/Television/Images/248788_0_o5pc1w.png
aiwa Magnifiq 108 cm (43 inch) 4K Ultra HD LED Android TV with Dolby Vision (2022 Model),Aiwa,28990,57990,0,0,0.0,https://www.croma.com/aiwa-magnifiq-108-cm-43-inch-4k-ultra-hd-led-android-tv-with-dolby-vision-2022-model-/p/268769,https://media.croma.com/image/upload/v1683557597/Croma%20Assets/Entertainment/Television/Images/268769_0_gj6drx.png
SAMSUNG Series 8 163 cm (65 inch) QLED 4K Ultra HD Tizen TV with Alexa Compatibility,Samsung,179990,245900,0,0,0.0,https://www.croma.com/samsung-series-8-163-cm-65-inch-qled-4k-ultra-hd-tizen-tv-with-alexa-compatibility/p/251998,https://media.croma.com/image/upload/v1663781129/Croma%20Assets/Entertainment/Television/Images/251998_0_w5clcd.png
PHILIPS 8200 Series 139 cm (55 inch) 4K Ultra HD LED Android TV with Google Assistant (2021 model),Philips,48989,89990,0,0,0.0,https://www.croma.com/philips-8200-series-139-cm-55-inch-4k-ultra-hd-led-android-tv-with-google-assistant-2021-model-/p/232749,https://media.croma.com/image/upload/v1663783970/Croma%20Assets/Entertainment/Television/Images/232749_0_ecriws.png
aiwa 124 cm (55 inch) 4K Ultra HD LED Smart Google TV with Crystal Vision Technology,Aiwa,37890,87990,0,0,0.0,https://www.croma.com/aiwa-124-cm-55-inch-4k-ultra-hd-led-smart-google-tv-with-crystal-vision-technology/p/268770,https://media.croma.com/image/upload/v1683557809/Croma%20Assets/Entertainment/Television/Images/268770_0_jfextp.png
SAMSUNG Series 7 176 cm (70 inch) 4K Ultra HD Tizen TV with Adaptive Sound ,Samsung,114900,127900,0,0,0.0,https://www.croma.com/samsung-series-7-176-cm-70-inch-4k-ultra-hd-tizen-tv-with-adaptive-sound-/p/272283,https://media.croma.com/image/upload/v1681998339/Croma%20Assets/Entertainment/Television/Images/272283_ul25pi.png
TCL P735 127 cm (50 inch) 4K Ultra HD LED Android TV with Google Assistant (2022 model),TCL,38990,75990,3,3,5.0,https://www.croma.com/tcl-p735-127-cm-50-inch-4k-ultra-hd-led-android-tv-with-google-assistant-2022-model-/p/255756,https://media.croma.com/image/upload/v1680264985/255756_0_ntvd6r.png
SAMSUNG Crystal 4K Pro 108 cm (43 inch) 4K Ultra HD LED Tizen TV with Alexa Compatibility (2021 model),Samsung,32990,54900,2,3,4.6666666667,https://www.croma.com/samsung-crystal-4k-pro-108-cm-43-inch-4k-ultra-hd-led-tizen-tv-with-alexa-compatibility-2021-model-/p/250632,https://media.croma.com/image/upload/v1664432605/Croma%20Assets/Entertainment/Television/Images/250632_0_wkduqj.png
SAMSUNG Series 8 189 cm (75 inch) 4K Ultra HD LED Tizen TV with Alexa Compatibility,Samsung,152990,239900,4,4,4.25,https://www.croma.com/samsung-series-8-189-cm-75-inch-4k-ultra-hd-led-tizen-tv-with-alexa-compatibility/p/252009,https://media.croma.com/image/upload/v1680264986/252009_0_orxbz9.png
TOSHIBA 55M550LP 139 cm (55 inch) 4K Ultra HD QLED Google TV with Dolby Vision & Dolby Atmos (2022 model) ,Toshiba,46990,79990,0,0,0.0,https://www.croma.com/toshiba-55m550lp-139-cm-55-inch-4k-ultra-hd-qled-google-tv-with-dolby-vision-dolby-atmos-2022-model-/p/263091,https://media.croma.com/image/upload/v1664376197/Croma%20Assets/Entertainment/Television/Images/263091_ctezrn.png
SAMSUNG Series 6 163 cm (65 inch) QLED 4K Ultra HD Tizen TV with Alexa Compatibility,Samsung,124990,209900,1,1,5.0,https://www.croma.com/samsung-series-6-163-cm-65-inch-qled-4k-ultra-hd-tizen-tv-with-alexa-compatibility/p/251987,https://media.croma.com/image/upload/v1663785033/Croma%20Assets/Entertainment/Television/Images/251987_0_nrk5bf.png
aiwa Magnifiq 127 cm (50 inch) 4K Ultra HD LED Smart Android TV with Google Voice Search (2022 model),Aiwa,34990,69990,0,0,0.0,https://www.croma.com/aiwa-magnifiq-127-cm-50-inch-4k-ultra-hd-led-smart-android-tv-with-google-voice-search-2022-model-/p/268767,https://media.croma.com/image/upload/v1683557509/Croma%20Assets/Entertainment/Television/Images/268767_0_e6h6d5.png
Hisense A6K 140 cm (55 inch) 4K Ultra HD LED Google TV with Dolby Atmos,Hisense,47999,64999,0,0,0.0,https://www.croma.com/hisense-a6k-140-cm-55-inch-4k-ultra-hd-led-google-tv-with-dolby-atmos/p/275420,https://media.croma.com/image/upload/v1689925729/Croma%20Assets/Entertainment/Television/Images/275420_dlr7r7.png
Hisense A7K 140 cm (55 inch) 4K Ultra HD LED Google TV with Dolby Vision and Dolby Atmos,Hisense,51999,69999,0,0,0.0,https://www.croma.com/hisense-a7k-140-cm-55-inch-4k-ultra-hd-led-google-tv-with-dolby-vision-and-dolby-atmos/p/275422,https://media.croma.com/image/upload/v1689929806/Croma%20Assets/Entertainment/Television/Images/275422_jq0tx0.png
Hisense A7K 165 cm (65 inch) 4K Ultra HD LED Google TV with Dolby Vision and Dolby Atmos,Hisense,68999,69999,0,0,0.0,https://www.croma.com/hisense-a7k-165-cm-65-inch-4k-ultra-hd-led-google-tv-with-dolby-vision-and-dolby-atmos/p/275423,https://media.croma.com/image/upload/v1689929880/Croma%20Assets/Entertainment/Television/Images/275423_sdp89p.png
Hisense A6K 126 cm (50 inch) 4K Ultra HD LED Google TV with Dolby Atmos,Hisense,41999,59999,0,0,0.0,https://www.croma.com/hisense-a6k-126-cm-50-inch-4k-ultra-hd-led-google-tv-with-dolby-atmos/p/275458,https://media.croma.com/image/upload/v1690013642/Croma%20Assets/Entertainment/Television/Images/275458_hndffz.png
Hisense A6K 108 cm (43 inch) 4K Ultra HD LED Google TV with Dolby Atmos,Hisense,34999,44999,0,0,0.0,https://www.croma.com/hisense-a6k-108-cm-43-inch-4k-ultra-hd-led-google-tv-with-dolby-atmos/p/275457,https://media.croma.com/image/upload/v1690013548/Croma%20Assets/Entertainment/Television/Images/275457_usnolm.png
Panasonic 108 cm (43 inch) 4K Ultra HD LED Google TV with Google Assistant ,Panasonic,44490,53990,0,0,0.0,https://www.croma.com/panasonic-108-cm-43-inch-4k-ultra-hd-led-google-tv-with-google-assistant-/p/273074,https://media.croma.com/image/upload/v1684140671/Croma%20Assets/Entertainment/Television/Images/273074_py1gft.png
Xiaomi X Series 138 cm (55 inch) 4K Ultra HD LED Android TV with Dolby Vision and Dolby Audio (2022 model),Xiaomi,39999,54999,0,0,0.0,https://www.croma.com/xiaomi-x-series-138-cm-55-inch-4k-ultra-hd-led-android-tv-with-dolby-vision-and-dolby-audio-2022-model-/p/275163,https://media.croma.com/image/upload/v1689240020/Croma%20Assets/Entertainment/Television/Images/275163_fq0kye.png
Hisense A6K 191 cm (75 inch) 4K Ultra HD LED Google TV with Dolby Atmos,Hisense,109999,149999,0,0,0.0,https://www.croma.com/hisense-a6k-191-cm-75-inch-4k-ultra-hd-led-google-tv-with-dolby-atmos/p/275421,https://media.croma.com/image/upload/v1689925795/Croma%20Assets/Entertainment/Television/Images/275421_fl8ofb.png
SAMSUNG 6 Series 189 cm (75 inch) QLED 4K Tizen TV with Bezel-less Display,Samsung,299900,359900,0,0,0.0,https://www.croma.com/samsung-6-series-189-cm-75-inch-qled-4k-tizen-tv-with-bezel-less-display/p/271989,https://media.croma.com/image/upload/v1681296159/Croma%20Assets/Entertainment/Television/Images/271989_nyawgw.png
Panasonic 139 cm (55 inch) 4K Ultra HD LED Google TV with Chroma Drive Dynamic,Panasonic,57990,72990,0,0,0.0,https://www.croma.com/panasonic-139-cm-55-inch-4k-ultra-hd-led-google-tv-with-chroma-drive-dynamic/p/273072,https://media.croma.com/image/upload/v1684139436/Croma%20Assets/Entertainment/Television/Images/273072_qirmgz.png
Panasonic 189 cm (75 inch) 4K Ultra HD LED Google TV with Google Assistant,Panasonic,124990,149990,0,0,0.0,https://www.croma.com/panasonic-189-cm-75-inch-4k-ultra-hd-led-google-tv-with-google-assistant/p/273073,https://media.croma.com/image/upload/v1684139457/Croma%20Assets/Entertainment/Television/Images/273073_jpmrwu.png
Panasonic TH-55MX750DX 139 cm (55 inch) 4K Ultra HD LED Google TV with Google Assistant,Panasonic,64990,77990,0,0,0.0,https://www.croma.com/panasonic-th-55mx750dx-139-cm-55-inch-4k-ultra-hd-led-google-tv-with-google-assistant/p/273075,https://media.croma.com/image/upload/v1684140757/Croma%20Assets/Entertainment/Television/Images/273075_vhrowr.png
SONY X90L 189 cm (75 inch) 4K Ultra HD LED Google TV with Cognitive Processor XR (2023 model),Sony,289990,379900,0,0,0.0,https://www.croma.com/sony-x90l-189-cm-75-inch-4k-ultra-hd-led-google-tv-with-cognitive-processor-xr-2023-model-/p/275536,https://media.croma.com/image/upload/v1690202533/Croma%20Assets/Entertainment/Television/Images/275536_drh1l0.png
